,ISO3Code (v. 10),Indicator,SYS_AIR,SYS_AIR.1,SYS_AIR.2,SYS_AIR.3,SYS_BIO,SYS_BIO.1,SYS_BIO.2,SYS_BIO.3,SYS_BIO.4,SYS_LAN,SYS_LAN.1,SYS_WQL,SYS_WQL.1,SYS_WQL.2,SYS_WQL.3,SYS_WQN,SYS_WQN.1,STR_AIR,STR_AIR.1,STR_AIR.2,STR_AIR.3,STR_AIR.4,STR_ECO,STR_ECO.1,STR_POP,STR_POP.1,STR_WAS,STR_WAS.1,STR_WAS.2,STR_WAT,STR_WAT.1,STR_WAT.2,STR_WAT.3,STR_NRM,STR_NRM.1,STR_NRM.2,STR_NRM.3,STR_NRM.4,VUL_HEA,VUL_HEA.1,VUL_HEA.2,VUL_SUS,VUL_SUS.1,VUL_DIS,VUL_DIS.1,CAP_GOV,CAP_GOV.1,CAP_GOV.2,CAP_GOV.3,CAP_GOV.4,CAP_GOV.5,CAP_GOV.6,CAP_GOV.7,CAP_GOV.8,CAP_GOV.9,CAP_GOV.10,CAP_GOV.11,CAP_EFF,CAP_EFF.1,CAP_PRI,CAP_PRI.1,CAP_PRI.2,CAP_PRI.3,CAP_PRI.4,CAP_ST,CAP_ST.1,CAP_ST.2,CAP_ST.3,CAP_ST.4,GLO_COL,GLO_COL.1,GLO_COL.2,GLO_GHG,GLO_GHG.1,GLO_TBP,GLO_TBP.1
0,,Country (alphabetical order),NO2,SO2,TSP,INDOOR,ECORISK,PRTBRD,PRTMAM,PRTAMPH,NBI,ANTH10,ANTH40,WQ_DO,WQ_EC,WQ_PH,WQ_SS,WATAVL,GRDAVL,NOXKM,SO2KM,VOCKM,COALKM,CARSKM,FOREST,ACEXC,GR2050,TFR,EFPC,RECYCLE,HAZWST,BODWAT,FERTHA,PESTHA,WATSTR,OVRFSH,IRRSAL,FORCERT,WEFSUB,AGSUB,DISINT,DISRES,U5MORT,UND_NO,WATSUP,DISCAS,DISEXP,PRAREA,GASPR,CSDMIS,KNWLDG,IUCN,AGENDA21,GRAFT,LAW,CIVLIB,WEFGOV,GOVEFF,POLITY,ENEFF,RENPC,DJSGI,ECOVAL,ISO14,WEFPRI,RESCARE,INNOV,DAI,PECR,ENROL,RESEARCH,EIONUM,FUNDING,PARTICIP,CO2GDP,CO2PC,SO2EXP,POLEXP
1,AFG,Afghanistan,..,..,..,98,53.02,4.68,10.57,14.29,0.46,19.8,0.08,..,..,..,..,5.17,..,..,..,..,0,0.03,0,0,187,6.8,0.95,..,..,..,23.26,..,97.82,..,..,0,..,0,..,..,257,70,13,24.63,0.91,0.3,0.56,54.35,..,0.04,..,-1.35,-1.61,6,..,-1.39,-5.38,..,20.71,..,..,0,..,0,..,..,0,..,..,4,7.05,0.43,..,0.04,..,..
2,ALB,Albania,..,..,167.42,15,100,1.3,4.41,12.5,0.53,0.44,3.25,..,..,..,..,7.13,1.92,0.07,0.6,0.57,0.01,7.22,-0.8,2.54,15,2.1,1.25,0,253,0.29,323.53,0.18,23.09,3,0,0,..,0,1.44,12.85,30,4,97,0.22,0.04,2.6,1.31,34.78,..,0,2.22,-0.85,-0.92,3,..,-0.47,5.7,5.99,39.6,..,..,0,..,0,..,0.39,97,15,..,3,88.46,0.42,224.52,0.92,58,17.26
3,DZA,Algeria,..,..,..,4,5.78,3.13,14.13,10,0.31,84.25,0.58,..,..,..,..,0.76,0.05,0.86,0.12,0.86,0.05,8.5,1.3,0,37,2.5,1.67,..,58,2.14,137.38,..,67.94,5,..,0,3.5,0,..,..,49,6,87,0.5,0.2,5.1,0.36,21.74,..,0.1,0.1,-0.7,-0.54,5.5,29.16,-0.59,-2.8,6.77,0.05,..,..,0.02,9.43,0,1.86,0.37,100,14.98,..,11,14.74,0.6,499.89,2.96,..,30.84
4,ASM,American Samoa,..,..,..,..,0,..,..,..,..,8.33,0,..,..,..,..,..,..,..,..,..,0,34.94,0,0,-31,3.86,..,..,..,..,..,..,..,1,..,0,..,0,..,..,..,..,..,..,..,..,..,..,..,0,..,..,..,..,..,..,..,..,0,..,..,0,..,0,..,..,..,..,..,0,..,0,..,..,..,..
5,AND,Andorra,..,..,..,..,0,..,..,0,..,3.55,31.16,..,..,..,..,..,..,..,..,..,..,..,..,0,-3,1.26,..,..,326,..,..,..,..,..,..,0,..,0,..,..,7,..,100,..,..,7.2,..,..,..,29.41,..,1.29,..,1,..,..,..,..,..,..,..,1.53,..,0,..,..,..,..,..,0,..,0.14,..,..,..,..
6,AGO,Angola,..,..,..,100,4.09,1.96,6.88,0,0.64,49.04,0.04,..,..,..,..,140.46,5.42,0.33,0.2,1.94,0,0.41,-0.2,1.83,206,6.8,0.76,..,..,0,0,0.1,0,3,..,0,2.69,0,..,..,260,49,50,0.11,0.55,10,0.31,32.61,..,0.23,..,-1.12,-1.56,5.5,17.74,-1.16,-3.4,4.3,8.74,..,..,0,7.45,0,1.34,0.11,71,0.67,..,9,37.18,0.31,254.02,0.52,..,..
7,AIA,Anguilla,..,..,..,..,0,..,..,0,..,0,68.97,..,..,..,..,..,..,..,..,..,..,..,..,0,23,1.98,..,..,..,..,..,..,..,2,..,0,..,0,..,..,..,..,60,..,1,..,..,..,..,..,..,..,..,..,..,..,..,..,..,..,..,0,..,0,..,..,100,..,..,0,..,0,..,..,..,..
8,ATG,Antigua and Barbuda,..,..,..,..,0,..,..,0,..,0,33.65,..,..,..,..,..,..,..,6.76,1.46,0,54.07,0,0,1,2.7,..,..,..,..,..,..,..,2,0,0,..,0,..,..,14,..,91,..,1,..,0.92,..,..,0,..,0.84,1.02,3,..,0.56,..,9.35,0,..,..,0,..,0,..,0.57,..,..,..,4,59.62,0.64,157.3,4.91,..,..
9,ARG,Argentina,56.79,1.02,50.01,0,39.07,4.35,10,19.35,0.62,46.51,1,8.53,118.62,0.09,4.35,27.27,3.38,0.83,0.02,0.51,0.02,7.15,-0.8,0,40,2.44,3.18,0.3,..,0.19,255.11,1.9,19.64,4,1.68,0.38,4.15,1,2.04,0,19,0,..,0.34,0.59,6.3,1.03,26.09,19.33,0.47,0.03,-0.77,-0.73,3,32.26,-0.49,8.4,5.66,14.92,..,..,41.51,9.48,4,2.94,0.53,100,47.96,684.38,16,19.87,0.93,128.71,3.73,..,22.92
10,ARM,Armenia,1.58,0.43,1.02,66,100,1.65,13.1,0,0.56,2.65,2.47,..,..,..,..,1.45,1.31,2.55,2.29,1.64,0,..,1.3,0,-24,1.21,0.75,0,429854,2.08,101.01,0.1,87.14,..,6.02,0,..,0,2.14,12.41,35,51,92,0.05,0.16,10,0.69,34.78,46.33,0,..,-0.72,-0.44,4,..,-0.42,4,15.96,10.58,..,..,0,..,0,..,0.3,95,..,1534,2,82.05,0.58,507.5,1.13,4.4,12.1
11,ABW,Aruba,..,..,..,..,13.4,..,..,..,..,0,0,..,..,..,..,..,..,..,..,..,0,..,..,0,82,1.8,..,..,..,..,..,..,..,2,..,0,..,0,..,..,..,..,100,..,..,..,..,..,..,0,..,..,..,..,..,..,..,..,0,..,..,0,..,0,..,..,100,29.48,..,0,..,0,..,20.64,..,..
12,AUS,Australia,16.47,13.17,43.22,0,16.23,5.39,24.23,21.86,0.85,86.84,0.24,..,..,..,..,33.2,3.58,14.28,11.86,12.79,10.29,59.91,-0.18,0,31,1.73,7.09,47,648785,0.16,489.62,2.5,8.27,2,..,0.71,4.83,1,0.07,2.91,5,1,100,0.52,0.28,7.5,0.82,8.7,10,1.63,8.95,1.91,1.85,1,52.95,1.84,10,9.54,3.45,0.45,0.01,1.5,12.88,4,3.96,0.74,..,63.26,3438.51,13,36,0.79,208.95,18.32,..,29.72
13,AUT,Austria,33.02,8.31,31.63,0,42.21,1.41,8.43,0,0.47,0.02,7.75,10.45,317.03,0.08,..,10.84,0.74,2.46,0.43,2.31,1.63,65.12,0.2,50.81,1,1.36,4.87,84,969000,0.94,1355.25,2.42,0,..,0,10.14,4.85,5,0.14,0,4.46,1,100,0.12,0.11,36.4,1.38,8.7,66.67,0.75,7.95,1.85,1.91,1,53.45,1.79,10,5.62,23.15,0,-0.39,2.13,12.92,4,3.87,0.75,100,45.8,2313.29,17,16,0.82,61.65,8.53,36.67,23.53
14,AZE,Azerbaijan,..,..,..,37,100,3.23,13.13,0,0.53,46.68,3.03,..,..,..,..,3.11,0.78,1.32,0.56,3.28,0,5.49,1.3,0,40,1.84,1.91,..,..,1.88,70,..,96.27,..,9.2,0,..,0,9.64,118.38,105,21,77,0.1,0.16,4.6,0.61,34.78,48,0,..,-1.07,-0.79,5.5,..,-0.96,-6.9,21.9,2.16,..,..,0.19,..,0,..,0.24,88,22.52,2798.58,2,99.36,0.57,1845.85,3.56,14.7,15.19
15,BHS,Bahamas,..,..,..,..,0,..,..,0,0.44,56.77,3.03,..,..,..,..,..,..,..,..,0.75,31.54,21.08,0,0,8,2.07,..,..,96,..,1000,..,..,1,..,0,..,0,2.09,0,16,..,97,..,0.22,1.6,..,52.17,..,3.18,..,1.41,1.34,1,..,1.4,..,8.82,0,..,..,0,..,0,..,0.62,100,..,..,3,12.18,0.65,116.11,5.93,..,..
16,BHR,Bahrain,..,..,..,0,0,..,..,0,..,0,63.88,..,..,..,..,..,..,..,..,..,0,329.4,14.9,0,76,2.7,..,..,140000,..,1500,1.3,..,3,17.75,0,..,0,5.17,0.85,16,..,..,..,..,1.3,0.44,45.65,..,0,1.43,0.95,0.92,5,..,0.78,..,32.91,0,..,..,0.25,..,0,..,0.6,87,25.2,..,6,8.97,0.56,748.99,28.83,..,24.27
17,BGD,Bangladesh,..,..,..,96,100,7.8,20.18,0,0.54,0.21,4.67,6.7,231.6,..,4.08,9.65,0.15,0.67,0.69,5.22,0.07,1.55,1.3,0,98,3.31,0.5,35,..,0.24,1675.7,0.4,22.88,6,1.18,0,3.38,0,..,..,73,32,75,68.13,1.31,0.5,0.85,15.22,..,0.12,0.01,-1.12,-0.78,4,26.98,-0.53,6,2.34,1.85,..,..,0.02,8.84,0,1.58,0.18,100,6.61,..,9,50,0.85,163.25,0.21,23.8,..
18,BRB,Barbados,..,..,..,57,0,..,..,0,..,0,85.16,..,..,..,..,..,..,0.2,0.41,1.88,0,162.13,0,0,-3,1.67,..,..,24,..,1875,27.9,..,4,..,0,..,0,1.6,6.4,14,..,100,..,..,0,1.08,50,..,3.72,..,1.29,1.43,1,..,1.36,..,5.19,0,..,..,0.73,..,0,..,0.57,100,38.2,..,5,6.41,0.52,145.83,4.4,..,17.35
19,BLR,Belarus,42.6,0.01,18.4,2,100,1.36,9.46,0,0.37,0.01,4.43,..,..,..,..,4.81,1.84,0.2,0.95,1.24,0,7.08,3.2,4.91,-13,1.23,3.17,0,1387551,..,1272.22,..,0,..,0,1.13,..,0,0.71,5.3,20,3,100,0.01,0.01,6.4,0.82,32.61,47,0,..,-0.78,-1.12,6,..,-1.03,-4.5,19.93,0.02,..,..,0.04,..,0,..,0.49,100,55.95,..,4,15.38,0.54,850.78,5.9,150.72,23.1
20,BEL,Belgium,41,9.7,42.62,0,100,1.11,18.97,0,0.45,0,28.57,8.55,573.62,0.32,3.42,1.87,0.09,9.88,5.14,6.3,11.12,172.76,-0.2,70.83,5,1.62,5.11,87,2016123,5.4,2070,5.9,93.54,5,0,31.67,5.23,8,0.96,0.38,6,1,96.45,0.03,..,13.73,1.7,15.22,48.33,0.97,10.26,1.57,1.45,1,51.93,1.85,10,9.08,0.76,0.18,-0.02,1.06,10.98,4,4,0.74,..,58.05,2953.26,19,44,0.88,88.11,12.34,161.86,30.11
21,BLZ,Belize,..,..,..,..,0.01,0.56,3.2,15.38,0.64,22.67,0.2,..,..,..,..,..,..,..,..,..,0,1.44,-2.3,0,102,3.4,..,..,..,..,723.08,16.5,..,3,0,7.78,..,0,18.26,13.05,40,..,91,..,0.75,47.5,..,..,..,11.86,..,-0.25,0.05,1.5,..,-0.06,..,8.39,5.79,..,..,1.3,..,0,..,0.47,100,..,..,7,30.77,0.58,284.01,3.25,..,18.09
22,BEN,Benin,..,..,..,88,100,0.65,4.79,0,0.62,1.54,0.31,..,..,..,..,7.71,0.25,0.14,21.39,1.08,0,0.12,-2.3,0,148,5.6,0.92,25,428040,..,155.5,..,0,6,0,0,..,0,..,..,156,16,68,0.91,0.12,22.7,0.89,32.61,..,0.31,0.15,-0.61,-0.42,2.5,..,-0.62,6,3.54,7.72,..,..,0,..,0,..,0.12,100,3.6,..,11,81.41,0.64,169.63,0.26,..,20.2
23,BMU,Bermuda,..,..,..,..,0,..,..,..,..,0,0,..,..,..,..,..,..,..,..,..,0,423.8,..,0,3,1.9,..,..,..,..,1000,..,..,2,..,0,..,0,..,..,..,..,..,..,0.72,9.6,..,80.43,15,0,..,1.29,1.28,..,..,1.09,..,..,0,..,..,0,..,0,..,..,..,..,..,0,..,0,..,5.78,..,..
24,BTN,Bhutan,..,..,..,..,56.29,2.68,22.22,14.29,0.61,2.49,0,..,..,..,..,22.12,..,0.02,0,0.05,0.04,..,0,0,113,4.7,..,..,..,..,0,0.1,0,..,0,0,..,0,..,..,94,..,62,5.44,0.85,30.2,0.95,..,..,0,..,0.91,0.1,5.5,..,0.93,-8,..,108.47,..,..,0,..,0,..,0.13,44.16,..,..,2,75,0.5,252.08,0.19,0.41,..
25,BOL,Bolivia,..,..,..,61,0.55,..,7.91,10.45,0.72,66.63,0.12,..,..,..,..,80.9,14.83,0.37,0.02,0.2,1.68,1.61,-0.3,0,75,3.85,1.67,2,..,0.02,41.79,1.3,13.77,..,0.7,2.78,3.35,0,..,..,71,22,85,2.27,0.46,19.4,1.13,19.57,50.33,0.79,0.11,-0.82,-0.6,2.5,23.73,-0.53,9,6.71,14.97,..,..,0.23,7.82,0,2.31,0.38,100,35.66,123.31,12,89.74,0.85,380.6,1.33,..,25.82
26,BIH,Bosnia and Herze.,27,18,..,15,100,1.38,13.89,5.56,0.53,0,1.74,9.51,..,0.1,..,16.03,..,0.16,1.78,1.52,0.32,..,0,34.07,-15,1.23,1.49,..,..,0.16,472.46,..,0,..,0,0,..,0,..,..,18,8,98,0,0.02,0.2,1.21,58.7,..,0,0.24,-0.6,-0.88,4,..,-0.9,0,..,16.79,..,..,..,..,0,..,0.46,..,..,..,2,89.1,0.35,828.48,4.84,419,..
27,BWA,Botswana,..,..,..,65,8.01,1.81,4.27,0,0.46,77.19,0.08,..,..,..,..,19.7,1.01,2.65,1.32,13.59,0.29,1.35,-0.9,0,-43,3.46,2.7,1,8848,0.16,124.32,..,14.51,..,..,0,4.46,0,..,..,110,24,95,1.07,0.26,30.2,0.67,30.43,..,4.67,..,0.76,0.72,2,35.83,0.87,9.6,3.49,0,..,..,0.14,11.09,0,1.73,0.43,100,4.65,..,3,40.38,0.65,162.39,2.23,..,..
28,BVT,Bouvet Island,..,..,..,..,0,..,..,..,..,..,..,..,..,..,..,..,..,..,..,..,..,..,..,0,..,..,..,..,..,..,..,..,..,..,..,..,..,0,..,..,..,..,..,..,..,..,..,..,..,..,..,..,..,..,..,..,..,..,..,..,..,..,..,..,..,..,..,..,..,..,..,..,..,..,..,..
29,BRA,Brazil,51.37,75.78,106.2,27,51.69,7.53,17.75,15.05,0.88,51.7,0.81,..,..,..,..,53.07,10.46,0.34,0.36,2.02,0,4.32,-0.4,0,24,2.18,2.39,22,..,0.07,1150.6,1.2,0.28,4,0.02,0.52,4.6,1,12.85,0.01,37,9,89,0.68,0.64,18,0.9,15.22,14.33,0.09,0.21,-0.05,-0.3,2.5,41.48,-0.22,8,6.03,34.94,0.21,0.02,0.74,11.81,4,2.25,0.5,100,16.51,323.36,19,48.72,0.8,106.65,1.79,..,23.02
30,IOT,British Indian Ocean Territory,..,..,..,..,100,..,..,..,..,..,..,..,..,..,..,..,..,..,..,..,..,..,..,0,..,..,..,..,..,..,..,..,..,..,..,..,..,0,..,..,..,..,..,..,..,..,..,..,..,..,..,..,..,..,..,..,..,..,..,..,..,..,..,..,..,..,..,..,..,..,..,..,..,..,..,..
31,VGB,British Virgin Islands,..,..,..,..,0,..,..,40,..,0.89,41.96,..,..,..,..,..,..,..,..,..,0,..,0,0,62,1.97,..,..,..,..,..,..,..,..,..,0,..,0,..,..,22,..,98,..,1,1,..,..,..,..,..,..,..,..,..,..,..,..,0,..,..,0,..,0,..,..,100,..,..,0,..,0,..,2.96,..,..
32,BRN,Brunei Darussalam,..,..,..,70,98.62,..,..,5.66,0.78,1.75,15.92,..,..,..,..,..,..,..,..,..,0,33.29,-0.2,0,85,2.34,..,..,..,..,0,..,..,3,0,0,..,0,..,..,6,..,..,..,..,56.2,0.49,60.87,..,0,..,0.32,0.64,5.5,..,0.96,-7.7,..,0,..,..,0.94,..,0,..,0.55,97,15.11,..,2,..,0.24,..,18.86,..,..
33,BGR,Bulgaria,9.35,17.79,61.3,6,100,4.17,17.28,0,0.49,0.01,6.66,8.28,..,..,..,23.09,0.82,0.19,4.61,1.16,3.01,21.6,0.6,14.1,-38,1.23,2.65,22.8,754703,0.56,354.05,0.9,55.24,4,0,0,3.43,1,0.76,9.61,16,16,100,0,0,10.1,1.11,15.22,58.33,0.25,2.76,-0.17,0.05,1.5,27.83,-0.06,9.2,14.21,2.55,..,..,0.3,9.07,0,2.59,0.53,98,40.82,1166.65,7,58.97,0.76,919.37,6.11,845.93,25.21
34,BFA,Burkina Faso,..,..,..,97,100,0.6,4.76,0,0.53,3.33,0.12,..,..,..,..,0.96,..,0.03,0.08,0.02,0,0.17,-0.2,0,191,6.24,1.19,12,..,0.27,82.32,0.2,0,..,..,0,..,0,..,..,207,17,51,0.23,0.03,15.4,1.36,32.61,26.33,0.34,..,-0.04,-0.55,4,..,-0.69,-2.5,1.27,4.46,..,..,0,..,0,..,0.08,39,..,16,8,86.54,0.71,94.45,0.09,..,22.71
35,BDI,Burundi,..,..,..,100,12.74,1.55,5.61,23.08,0.68,3.63,0.51,..,..,..,..,2.38,0.34,0.23,0.13,2.29,0,0.64,-9,0,147,6.16,0.63,0,..,0.11,38.89,0.1,0,..,0,0,..,0,..,..,190,70,79,0.15,0.34,5.4,0.95,..,..,0,0.28,-1.02,-1.49,5.5,..,-1.46,-0.3,1.6,17.35,..,..,0,..,0,..,0.1,73,1.23,..,6,28.21,0.65,69.75,0.04,..,..
36,KHM,Cambodia,..,..,..,100,82.76,6.19,19.51,6.98,0.57,14.08,0.24,..,13.62,0.04,4.03,45.74,1.34,1.31,0.18,2.73,0,0.09,-0.6,0,104,4.5,1.03,15,..,0.02,0,..,0,5,..,0,..,0,..,..,138,38,34,4.08,0.91,23.7,1.03,34.78,..,0.08,..,-0.9,-0.86,5.5,..,-0.56,1.7,0.3,4.39,..,..,0.04,..,0,..,0.17,100,2.84,..,5,46.79,0.63,31.08,0.04,0.4,..
37,CMR,Cameroon,..,..,..,77,7.75,2.17,9.29,26.46,0.69,16.49,0.1,..,..,..,..,19.8,6.23,0.17,0.08,1.26,0,0.41,-0.9,0,92,4.88,1.24,8,..,0.04,88.09,0.1,0,5,..,0,4.45,0,..,..,166,27,63,0.13,0.01,8,1.11,28.26,..,0.13,0.06,-1.1,-1.28,6,30.72,-0.62,-4,2.47,42.81,..,..,0.06,10.22,0,1.68,0.16,99,4.93,..,15,53.85,0.61,177.77,0.43,..,..
38,CAN,Canada,34.73,9.32,11.41,0,6.88,1.88,8.29,2.27,0.3,88.23,0.82,8.13,153.29,0.01,0.64,86.59,11.6,0.08,7.52,7.46,4.47,48.97,0,5.39,16,1.5,8.56,54,5900000,0.12,521.77,0.6,0.87,3,..,1.72,4.94,2,0.04,0,7,1,100,0.05,0.02,6.3,0.84,6.52,1.67,1.15,0.45,2.03,1.79,1,47.65,1.88,10,13.39,25,0.19,0.47,1.34,12.79,4,4.45,0.78,..,59.2,2978.16,17,28,0.93,168.23,18.25,..,37.17
39,CPV,Cape Verde,..,..,..,..,0,..,..,..,..,0.95,0,..,..,..,..,..,..,..,..,..,0,4.08,9.3,0,74,4,..,..,..,..,25.64,0.1,..,3,..,0,..,0,..,..,38,..,80,..,..,0.3,0.97,..,..,0,..,0.33,0.67,1.5,..,-0.2,..,0.98,0,..,..,0,..,0,..,0.39,100,..,..,4,67.95,0.42,56.83,0.32,..,..
40,CYM,Cayman Islands,..,..,..,..,0,..,..,0,..,0,0,..,..,..,..,..,..,..,..,..,0,96.52,0,0,109,2.03,..,..,..,..,..,..,..,1,..,0,..,0,..,..,..,..,..,..,0.51,53.8,..,..,..,0,..,1.29,0.83,..,..,1.89,..,..,0,..,..,0,..,0,..,..,..,..,..,0,..,0,..,7.78,..,..
41,CAF,Central Afr. Rep.,..,..,..,99,2.14,0.56,6.7,0,0.51,62.35,0.01,..,..,..,..,57.73,14.97,0.61,0.29,3.29,0,0.05,-0.1,0,65,4.86,1.48,0,..,0,3.11,..,0,..,..,0,..,0,..,..,180,44,75,0.09,0.01,16.6,1.64,30.43,..,0,..,-1.02,-0.88,5,..,-1.43,5,1.19,15.33,..,..,0,..,0,..,0.1,53,1.92,..,9,35.9,0.42,58.8,0.07,..,12.6
42,TCD,Chad,..,..,..,100,45.66,1.35,11.19,0,0.36,65.66,0.01,..,..,..,..,8.07,1.21,0.17,0.1,0.96,0,0.05,-0.6,0,206,6.6,1.31,0,..,..,48.61,..,1.95,..,..,0,2.6,0,..,..,200,34,34,28.5,0.14,9.4,1.3,41.3,..,0,..,-1.02,-0.93,5.5,22.41,-0.75,-1.6,0.34,0,..,..,0,8.74,0,1.36,0.1,70,0.88,..,7,50.64,0.63,21.15,0.02,..,..
43,CHL,Chile,81,29,..,15,20.75,7.43,23.08,37.74,0.57,53.64,1.09,..,..,..,..,20.28,8.76,0.67,6.7,1.04,0.29,6.89,-0.1,0,39,2.35,3.04,8,..,0.25,2426.84,6.7,52.44,7,1.46,6.35,5.05,0,3.23,0.02,12,4,95,1.21,1.43,3.6,0.95,17.39,18,0.38,0.96,1.55,1.3,1.5,42.26,1.19,9.3,6.54,22.19,0,..,0.52,10.56,4,2.79,0.58,93,37.52,418.58,12,60.26,0.93,201.26,3.91,..,23.58
44,CHN,China,71.72,97.07,310.82,30,38.02,6.8,20.25,27.3,0.84,35.55,1.09,8.62,522.78,0.28,7.97,1.88,0.64,0.75,2.68,2.08,3.9,2.08,1.2,15.66,11,1.7,1.36,..,9520000,2.74,2463.03,..,40.67,7,..,0,4.08,1,0.19,2,38,11,77,1.83,0.72,7.8,0.69,15.22,30.33,0.01,0.02,-0.41,-0.22,6.5,35.39,0.18,-7,6.98,7.29,..,-0.68,0.86,10.6,0,1.97,0.43,99,12.61,583.93,12,76.28,0.73,731.44,2.19,1230,29.04
45,CXR,Christmas Island,..,..,..,..,0,..,..,..,..,..,..,..,..,..,..,..,..,..,..,..,..,..,..,0,..,..,..,..,..,..,..,..,..,..,..,..,..,0,..,..,..,..,..,..,..,..,..,..,..,..,..,..,..,..,..,..,..,..,..,..,..,..,..,..,..,..,..,..,..,..,..,..,..,..,..,..
46,CCK,Cocos (Keeling) Islands,..,..,..,..,0,..,..,..,..,..,..,..,..,..,..,..,..,..,..,..,..,..,..,0,..,..,..,..,..,..,..,..,..,..,..,..,..,0,..,..,..,..,..,..,..,..,..,..,..,..,..,..,..,..,..,..,..,..,..,..,..,..,..,..,..,..,..,..,..,..,..,..,..,..,..,..
47,COL,Colombia,..,..,120,36,30.19,4.59,10.86,29.8,0.94,51.68,1.48,..,..,..,..,90.58,11.25,0.52,0.32,0.76,0.2,2.46,-0.4,0,48,2.58,1.51,11.5,..,0.03,2545.31,16.7,0.44,4,..,0.12,4.11,1,13.69,0.01,23,13,92,1.39,1.01,72.3,0.72,15.22,23.67,0.21,0.14,-0.47,-0.75,4,36.1,-0.39,6.4,4.12,29.3,..,..,0.32,10.26,4,2.28,0.45,100,23.33,100.7,14,43.59,0.82,164.79,1.39,..,25.68
48,COM,Comoros,..,..,..,..,100,..,..,..,..,1.06,1.29,..,..,..,..,..,..,..,..,..,0,..,-4.3,0,181,6.8,..,..,..,..,37.5,..,..,4,..,0,..,0,..,..,79,..,94,..,0.16,24.3,..,..,..,0,..,-0.73,0.19,4.5,..,-0.84,1.1,1.4,1.38,..,..,0,..,0,..,0.13,73,1.09,..,5,19.23,0.57,90.52,0.11,..,..
49,COG,Congo,..,..,..,100,0,0.67,7.5,0,0.65,76.27,0.11,..,..,..,..,543.29,110.27,0.22,0.14,0.24,0,0.61,-0.1,0.43,179,6.29,0.8,26.2,..,..,285.71,0.1,0,4,0,0,..,0,..,..,108,30,46,0.03,0,15.8,1.13,32.61,..,0.55,..,-0.94,-1.22,5,..,-1.25,-2.3,4.48,20.75,..,..,0,..,0,..,0.17,61,5.04,..,9,20.51,0.56,206.9,0.53,..,..
50,COK,Cook Islands,..,..,..,..,0,..,..,..,..,3.47,0,..,..,..,..,..,..,..,..,..,0,..,0,0,..,..,..,..,..,..,..,0.3,..,1,..,0,..,0,..,..,23,..,95,..,..,4.7,..,..,..,..,..,..,..,..,..,..,..,..,0,..,..,0,..,0,..,..,..,..,..,0,69.87,0.46,..,1.6,..,..
51,CRI,Costa Rica,45.75,38.84,226.3,58,47.71,2.17,6.83,34.08,0.82,0.11,5.92,..,..,..,..,23.17,8.84,0.65,0.38,0.65,0,10.18,-0.8,0,49,2.1,1.91,..,..,0.41,5686.67,20.4,0,4,0,2.77,4.27,1,7.26,4.87,6.86,6,97,1.73,1.03,25.6,1.05,15.22,..,3.55,1.01,0.88,0.67,1.5,39.14,0.37,10,4.19,49.63,..,..,1.15,11.13,0,2.21,0.52,100,16.04,..,12,87.82,0.79,99.32,1.38,..,23.29
52,CIV,CÃ´te d'Ivoire,..,..,..,93,100,2.24,8.26,16.28,0.63,4,0.31,..,..,..,..,8.4,2.23,0.52,0.2,0.05,0,0.53,-3.1,0,63,5.2,1.6,3,..,0.11,201.61,..,0,5,0,0,..,0,..,..,191,15,84,0.1,..,16.9,1.39,28.26,..,0.06,..,-0.86,-1.21,4.5,..,-0.89,-1.6,3.95,17.41,..,..,0,..,0,..,0.13,62,7,..,17,71.15,0.57,219.89,0.66,..,..
53,HRV,Croatia,..,31,71,3,100,1.79,11.84,10,0.54,1.65,6.91,..,..,..,..,33.59,2.48,0.18,1.87,1.5,..,25.62,0.1,4.69,-14,1.3,2.76,13,58285.4,0.31,1474.98,2.2,1.45,4,0,100,3.71,0,0.23,0,8,12,..,0,0,6.9,1.46,28.26,56.67,0.67,4.48,0.23,0.11,2,35.81,0.19,0.6,7.8,18.62,..,..,1.14,10.66,0,2.44,0.59,98,32.58,1186.95,5,64.74,0.69,240.26,4.59,58,30.23
54,CUB,Cuba,5,1,..,42,86.1,13.14,35.48,81.03,0.7,1.36,6.34,8.1,515,0.02,..,2.28,0.58,0.62,3.74,0.33,0.01,0.09,1.3,0,-2,1.63,1.53,0,941118,..,553.17,..,28.55,4,21.8,0,..,0,3.03,0,9,11,91,0.47,0.44,1.6,1.48,34.78,44.33,0.18,0.18,-0.13,-0.94,7,..,-0.26,-7,..,2.26,..,..,0,..,0,..,0.38,96,24.73,489.4,15,53.21,0.71,262.59,2.76,..,..
55,CYP,Cyprus,..,..,..,24,100,..,..,0,0.45,0.44,21.78,..,..,..,..,..,..,..,..,..,0.14,46.11,3.7,0,14,1.56,..,..,4369,..,3154.86,15.8,..,4,0,0,..,1,..,..,6,..,100,..,..,8.3,1.36,36.96,44,2.61,1.31,0.89,0.74,1,..,1,10,7.68,0,..,..,1.52,..,0,..,0.68,98,22.22,400.26,8,..,0.76,164.26,8.21,48.3,..
56,CZE,Czech Rep.,31.53,9.31,42.39,0,100,1.01,9.88,0,0.5,0,11.52,10.4,..,0.32,..,2,0.14,5,3.33,3.08,8.71,49.18,..,89.22,-10,1.18,4.24,42,2785000,12.5,1283.22,1.4,0,..,..,73.58,4.4,3,0.01,0,5,0,..,0.13,0.03,16,1.33,13.04,47,0.49,4.11,0.38,0.74,1.5,44.45,0.7,10,9.29,2,..,-0.2,3.76,10.91,4,2.57,0.66,100,29.84,1465.87,7,60,0.77,586.45,12.48,251,31.67
57,COD,Dem. Rep. Congo,..,..,..,100,0.19,3.01,8.89,6.19,0.65,25.84,0.06,..,..,..,..,30.36,0.23,0.16,0,0.09,0,0.11,-0.4,0,211,6.84,0.62,4.9,..,..,..,..,0,6,..,0,..,0,..,..,205,75,46,0.07,0.12,8.3,1.15,32.61,..,0.08,0.04,-1.42,-1.79,..,..,-1.6,0,2.31,73.89,..,..,0,..,0,..,0.12,54,1.42,..,10,1.28,0.58,161.57,0.06,..,..
58,DNK,Denmark,47,4,32.18,0,100,0.51,11.63,0,0.4,0.55,21.19,10.42,382.92,0.14,..,2.78,0.8,4.71,0.64,3.06,3.83,52.46,0.2,54.88,-3,1.76,5.32,65,374303,5.74,1383.07,1.4,11.54,6,0,2.69,5.61,7,0.94,0.08,4,1,100,0,..,25.6,1.79,6.52,28.33,1.67,40.19,2.26,1.97,1,59.16,1.99,10,4.75,8.59,..,-0.13,4.28,13.39,4,4.26,0.83,100,58.86,3475.75,20,72,0.95,59.13,10.18,25.33,23.33
59,DJI,Djibouti,..,..,..,6,0,..,..,0,0.43,5.03,0.15,..,..,..,..,..,..,..,..,..,0,..,0,0,96,5.9,..,..,..,..,0,..,..,1,..,0,..,0,..,..,143,..,80,..,0.9,0.5,1.61,..,..,0,..,-0.73,0.67,4.5,..,-0.88,-2.1,17.46,0,..,..,0,..,0,..,0.15,34,0.88,..,6,16.67,0.63,213.06,0.58,..,..
60,DMA,Dominica,..,..,..,..,0,..,..,50,..,0,1.83,..,..,..,..,..,..,0.56,0.14,9.1,0,15.73,-0.7,0,19,1.87,..,..,..,..,6000,..,..,..,..,0,..,0,..,..,15,..,97,..,1.06,22.4,..,..,..,0,13.89,0.52,1.97,1,..,0.32,..,4.41,17.13,..,..,0,..,0,..,0.54,100,..,..,4,26.28,0.39,112.63,1.32,..,..
61,DOM,Dominican Rep.,..,..,..,48,59.58,11.03,25,86.11,0.66,0.12,5.39,..,..,..,..,2.23,1.33,0.06,0.64,0.45,0.1,17.58,0,0,52,3,1.69,..,..,..,895.29,4.5,13.44,4,0,0,2.94,0,23.29,7.93,38,25,93,3.1,0.86,24.5,0.8,28.26,..,0.35,..,-0.39,-0.43,2,30.07,-0.41,8.2,4.39,2.07,..,..,0.02,9.58,0,2.3,0.42,100,..,..,11,29.49,0.51,378.42,3.01,..,..
62,ECU,Ecuador,..,21.52,125.73,28,36.1,4.47,11.26,36.47,0.87,32.87,2.19,..,..,..,..,29.52,10,0.65,0.35,0.84,0,3.74,-1.2,0,54,3,1.77,20,85859,0.1,1423.46,2.5,9.83,6,..,0.2,2.82,0,21.32,0.02,29,4,86,2.92,1.76,26,0.9,13.04,19,1.56,1.01,-1.02,-0.6,3,24.1,-0.96,7,7.55,20.25,..,..,0.04,8.12,3,1.94,0.41,100,..,83.29,16,80.13,0.89,328,2.05,..,31.9
63,EGY,Egypt,..,69,..,8,5.06,4.58,13.27,0,0.33,86.37,1.85,..,..,..,..,2.18,0.02,2.18,4.09,7.94,0.27,22.07,3.3,0,74,3.19,1.16,0,170000,1.61,4574.16,1.4,88.68,6,36.77,0,3.87,0,94.58,49.62,39,3,98,0.48,..,5.7,0.31,15.22,..,0.06,0.11,-0.29,0.09,6,34.33,-0.32,-5.2,8.8,6.21,..,..,0.77,10.42,0,2.71,0.4,94,39,..,16,93.59,0.76,498.7,2.1,..,..
64,SLV,El Salvador,70.5,..,..,65,95.14,0,1.48,25.81,0.62,0.02,11.19,..,..,..,..,3.4,0.92,1.67,0.7,0.6,0,19.65,-4.6,0,48,2.97,1.72,0,..,1.18,1108.7,4.9,0,4,0,0,4.4,0,36.89,13.52,39,14,82,8.82,1.23,2,0.75,17.39,46.33,1.25,..,-0.54,-0.46,2.5,31.07,-0.53,7,3.57,31.34,..,..,0,8.71,0,2.05,0.38,100,17.53,46.67,11,31.41,0.74,164.71,1.07,..,17.33
65,GNQ,Equatorial Guinea,..,..,..,83,0,1.83,8.7,7.14,0.71,0.19,0.01,..,..,..,..,..,..,..,..,..,0,..,-0.6,0,132,5.89,..,..,..,..,0,..,..,..,0,0,..,0,..,..,152,..,44,..,0.01,16.8,..,..,..,0,..,-1.89,0.79,6.5,..,-1.37,-5,0.24,0.04,..,..,0,..,0,..,0.2,100,2.71,..,5,23.08,0.51,77.9,0.45,..,..
66,ERI,Eritrea,..,..,..,97,57.31,2.19,10.71,0,0.59,14.17,0.05,..,..,..,..,1.63,..,..,..,..,0,..,-0.3,0,137,5.74,0.81,..,..,..,200,0.1,0,..,..,0,..,0,..,..,89,61,57,0,0.76,4.1,0.59,..,..,0,..,0.04,1.15,6.5,..,-0.44,-7.2,2.37,0,..,..,0,..,0,..,0.13,59,1.65,..,5,44.87,0.29,271.33,..,..,..
67,EST,Estonia,22.67,2,33.73,8,100,1.41,7.69,0,0.44,4.18,3.97,10.08,..,0,..,12.88,2.97,1.01,3.35,0.6,0.33,13.2,0.6,0,-23,1.41,5.37,0,7540480,..,622.68,0.5,2.74,4,0,51.63,4.77,0,0.77,1.42,12,4,..,0,..,19.6,0.95,28.26,55,1.47,21.35,0.66,0.8,1.5,44.57,0.78,6,9.88,0.09,..,..,4.45,10.46,0,3.38,0.67,95,57.55,1946.7,6,16.03,0.64,840.85,12.63,91.7,29.1
68,ETH,Ethiopia,..,..,..,97,44.92,2.56,13.73,14.29,0.59,18.49,0.07,..,..,..,..,2.51,0.55,0.17,0.01,0.4,0,0.11,-0.8,0,139,5.9,0.67,0,..,0.15,125.95,0.1,26.29,..,..,0,3.64,0,..,..,171,42,22,286.74,0.11,16.4,0.85,23.91,..,0.01,..,-0.35,-0.44,5,24.21,-0.89,1,1.28,30.47,..,..,0,9.22,0,1.36,0.1,74,1.58,..,10,58.33,0.52,204.44,0.09,..,24.83
69,FRO,Faeroe Islands,..,..,..,..,0,..,..,..,..,1.38,2.35,..,..,..,..,..,..,..,..,..,0,..,..,0,15,2.54,..,..,..,..,..,..,..,6,..,0,..,0,..,..,..,..,..,..,..,0,..,..,..,0,..,..,..,..,..,..,..,..,7.4,..,..,0,..,0,..,..,..,..,..,0,..,0,..,14.2,..,..
70,FLK,Falkland Islands,..,..,..,..,0,..,..,..,..,83.73,0,..,..,..,..,..,..,..,..,..,..,..,..,0,..,..,..,..,..,..,..,..,..,..,..,0,..,0,..,..,..,..,..,..,..,..,..,..,..,..,..,..,..,..,..,..,..,..,0,..,..,0,..,0,..,..,..,..,..,0,..,0,..,12.27,..,..
71,FJI,Fiji,..,..,..,..,0,17.57,125,50,0.52,2.12,0,..,..,..,..,..,..,..,..,..,0,5.49,-0.2,0,18,3.26,..,..,..,..,500,1.4,..,3,0,0,..,0,6.43,16.9,21,..,..,..,1.06,1.4,..,43.48,..,3.65,..,0.12,1.33,3.5,..,0.06,6.1,4.01,32.32,..,..,0.22,..,0,..,0.43,100,..,..,5,21.79,0.48,92.31,0.89,..,18
72,FIN,Finland,24,3,18.92,0,1.16,1.21,6.67,0,0.29,40.46,2.56,10.97,53.14,0.01,1.14,18.01,0.42,1.56,0.5,1.07,1.07,16.23,..,1.19,-8,1.75,7,89,1203000,0.68,1355.55,0.6,2.14,4,0,100,5.51,4,0.46,0,5,1,100,0,0,8.9,1.84,4.35,23.33,0.96,58.28,2.39,1.99,1,59.5,2.01,10,8.56,16.95,0.89,1.62,7.78,14.71,4,5.71,0.79,99,45.5,7110.45,20,92,0.92,88.87,13.05,85.24,26.71
73,FRA,France,51,8,24,0,93.24,1.86,19.35,8.33,0.42,4.37,10.99,10.18,321.57,0.17,3.24,4.11,1.67,3.26,1.54,4.64,0.99,73.41,0.4,18.84,7,1.89,5.74,55,9000000,1.17,2264.87,4.5,19.47,5,..,22.55,5.17,6,1.08,0.4,6,1,..,0.09,0.24,11.3,1.72,8.7,28.33,0.66,1.16,1.45,1.33,1,52.65,1.67,9,6.51,5.95,0.46,0.27,1.46,12.46,4,3.92,0.72,97,53.58,2717.85,29,32,1,55.81,6.91,609.85,30.17
74,GUF,French Guiana,..,..,..,..,0,..,..,2.97,..,89.58,0.19,..,..,..,..,..,..,..,..,..,0,6.56,0,0,95,3.9,..,..,..,..,..,..,..,1,..,0,..,0,..,..,..,..,84,..,..,16.4,..,..,..,..,..,0.84,-0.43,..,..,0.82,..,..,0,..,..,0,..,0,..,..,..,..,..,0,..,0,..,..,..,..
75,PYF,French Polynesia,..,..,..,..,0,..,..,..,..,3.82,0,..,..,..,..,..,..,..,..,..,0,..,0,0,40,2.49,..,..,..,..,4000,..,..,2,..,0,..,0,..,..,..,..,100,..,0.11,0.3,..,67.39,..,0,..,..,..,..,..,..,..,..,10.96,..,..,0,..,0,..,..,..,..,..,0,..,0,31.66,..,..,61.76
76,ATF,French Southern Territories,..,..,..,..,..,..,..,..,..,..,..,..,..,..,..,..,..,..,..,..,..,..,..,0,..,..,..,..,..,..,..,..,..,..,..,..,..,0,..,..,..,..,..,..,..,..,..,..,..,..,..,..,..,..,..,..,..,..,..,..,..,..,..,..,..,..,..,..,..,..,..,..,..,..,..,..
77,GAB,Gabon,..,..,..,34,0,1.07,7.37,2.41,0.64,80.78,0.07,..,..,..,..,192.75,45.89,0.11,0.11,0.96,0,0.7,..,0,84,4.3,1.87,0,..,0.01,9.23,..,0,3,..,0,..,0,..,..,91,7,87,0,..,3.4,1.13,32.61,..,0.76,0.76,-0.55,-0.27,4.5,..,-0.45,-4,4.18,23.27,..,..,0,..,0,..,0.34,92,7.97,..,13,18.59,0.46,177.35,2.78,..,..
78,GMB,Gambia,..,..,..,98,100,0.71,2.56,0,0.6,0,4.15,..,..,..,..,7.98,0.32,..,0.11,..,0,0.88,1,0,169,5.61,1.01,0,200000,0.09,32,0.1,0.67,5,..,0,4.03,0,..,..,126,27,82,2.09,..,3.2,0.75,..,..,0.72,..,-0.83,-0.5,4,38.82,-0.81,-5.2,1.65,0,..,..,0,11.96,0,1.48,0.13,88,..,..,6,36.54,0.73,153.29,0.21,..,13.97
79,GEO,Georgia,..,..,..,71,100,..,12.15,8.33,0.55,0.46,2.21,..,..,..,..,8.1,0.01,0.31,3.62,0.67,0,4.53,0,0,-32,1.42,0.85,..,92800,..,528.3,..,50.72,3,..,0,..,0,1.06,8.67,29,26,76,0.9,0.13,4.3,0.79,41.3,55.33,0.39,..,-1.03,-1.17,4,..,-0.77,5.8,15.37,29.01,..,..,0,..,0,..,0.37,92,34.53,2420.78,2,92.95,0.56,471.12,1.17,9,..
80,DEU,Germany,34.72,5.02,31.95,0,99.02,2.09,14.47,0,0.37,0.07,12.29,10.07,863.3,0.16,..,2.53,0.21,4.49,2.23,4.5,8.38,132.41,0,51.88,-9,1.3,4.26,83,15532000,3.83,2211.39,2.3,1.79,5,0,64.47,4.87,3,0.2,0,5,1,100,0.01,0.42,31.7,1.69,10.87,71.67,0.28,24.75,1.82,1.73,1,59.74,1.76,10,6.04,3.54,0.64,0.94,1.86,13.91,4,4.36,0.74,97,46.3,3153.01,28,96,1,79.76,10.57,649.91,25.85
81,GHA,Ghana,..,..,137,95,99.3,1.51,6.31,14.08,0.65,0.98,0.93,6.8,..,..,4.55,3.03,2.14,0.29,0.17,2.21,0,0.91,-1.7,0,85,4.45,1.23,0,..,0.27,27.57,0.1,0,6,0,0,4.1,0,..,..,97,12,79,0.6,0.21,15.4,0.46,19.57,..,0.25,0.15,-0.4,-0.15,2.5,35.2,0.01,2.9,3.08,47.2,..,..,0.02,12.26,0,1.69,0.16,84,3.3,..,12,73.08,0.73,201.67,0.3,..,..
82,GIB,Gibraltar,..,..,..,..,100,..,..,0,..,14.29,0,..,..,..,..,..,..,..,..,..,0,3266.87,..,0,-11,..,..,..,..,..,..,..,..,..,..,0,..,0,..,..,..,..,..,..,1,..,..,..,..,..,..,..,..,..,..,..,..,..,0,..,..,0,..,0,..,..,..,..,..,0,..,0,..,7.96,..,..
83,GRC,Greece,58.8,13.16,58.79,0,100,2.79,13.68,20,0.55,0.71,11.21,11.3,385.96,0.39,..,4.47,0.94,2.52,3.79,2.4,3.06,35.64,0.9,2.77,-12,1.34,4.78,35,287000,1.22,1544.12,2.8,56.85,5,..,0,..,5,0.02,1.05,5,1,..,0.11,0.2,3.2,1.28,15.22,42,0.66,3.67,0.58,0.79,1.5,39.66,0.79,10,6.57,2.68,0,-0.63,0.45,10.41,4,3.02,0.66,97,62.67,1400.06,16,20,0.85,175.77,9.67,485,30.58
84,GRL,Greenland,..,..,..,..,0,..,..,..,..,99.97,0,..,..,..,..,..,..,..,..,..,0,8.85,..,0,0,2.45,..,..,..,..,..,..,..,3,..,0,..,0,..,..,..,..,..,..,..,0,..,..,..,17.54,..,..,..,..,..,..,..,..,0,..,..,..,..,0,..,..,..,..,..,1,..,0.07,..,9.92,..,..
85,GRD,Grenada,..,..,..,..,0,..,..,33.33,..,2.03,11.34,..,..,..,..,..,..,..,..,3.08,0,61.51,0.9,0,-3,2.08,..,..,..,..,..,..,..,2,..,0,..,0,..,..,25,..,95,..,..,1.9,0.89,..,..,0,..,0.71,-0.84,1.5,..,0.38,..,3.78,0,..,..,0,..,0,..,0.51,84,..,..,4,46.15,0.32,153.79,2.63,..,18.37
86,GLP,Guadeloupe,..,..,..,..,0,..,..,60,..,0,44.83,..,..,..,..,..,..,..,..,..,..,84.94,2.1,0,19,2.2,..,..,..,..,..,..,..,5,..,0,..,0,..,..,..,..,98,..,1,33.4,..,..,..,..,..,..,..,..,..,..,..,..,0,..,..,0,..,0,..,..,..,..,..,0,..,0,..,..,..,..
87,GUM,Guam,..,..,..,..,100,..,..,..,..,0,71.15,..,..,..,..,..,..,..,..,..,0,173.46,0,0,46,2.64,..,..,..,..,..,..,..,2,..,0,..,0,..,..,..,..,100,..,1,2.2,..,71.74,..,0,..,..,..,..,..,..,..,..,0,..,..,0,..,0,..,..,..,..,..,0,..,0,..,..,..,..
88,GTM,Guatemala,69.33,..,272.33,73,49.3,1.31,2.8,54.81,0.74,7.98,2.41,..,..,..,..,15,2.66,0.44,0.75,1.07,0.05,6.75,-1.7,0,115,4.38,1.3,5,..,0.13,1345.18,0.8,0.14,4,0.26,17.08,3.98,0,..,..,49,25,95,5.71,2.04,25.3,0.79,19.57,..,1.08,..,-0.71,-0.84,4,24.44,-0.61,7.5,3.29,17.2,..,..,0.04,8.45,0,1.74,0.38,100,..,..,13,83.97,0.71,151.66,0.87,..,28.01
89,GIN,Guinea,..,..,..,99,100,2.44,6.32,6.94,0.6,0.11,0.11,..,..,..,..,19.29,4.11,0.08,0.07,0.71,0,0.15,-0.5,0,231,6.01,1.22,5,..,..,35.96,0.1,0,4,..,0,..,0,..,..,165,28,51,0.1,0.19,4.3,1.08,34.78,..,0.13,..,-0.58,-0.75,5.5,..,-0.78,-0.8,1.37,21.41,..,..,0,..,0,..,0.1,67,..,..,11,41.03,0.61,77.93,0.16,..,17.26
90,GNB,Guinea-Bissau,..,..,..,95,100,0,2.78,0,0.59,4.59,0.22,..,..,..,..,21.84,9.1,0.13,0.19,0.83,0,..,-0.9,0,207,7.1,1.05,..,..,..,80,0.1,0,2,..,0,..,0,..,..,211,..,59,0,..,..,..,..,..,4.15,..,-0.61,-1,4.5,..,-1.35,4.2,4.84,0,..,..,0,..,0,..,0.1,78,..,..,6,56.41,0.5,286.28,0.19,..,..
91,GUY,Guyana,..,..,..,..,0,0.29,6.74,5.22,0.69,85.12,0.12,..,..,..,..,299.98,..,0.78,..,1.06,0,0.59,-0.3,0,-34,2.38,..,..,..,..,270.83,..,0,4,..,0,..,0,97.25,12.55,72,14,83,0,..,2.3,0.51,..,..,0,1.31,-0.5,-0.43,2,..,-0.32,6,6.79,0.35,..,..,0.92,..,0,..,0.43,100,..,..,8,38.46,0.49,613.14,2.11,..,18.29
92,HTI,Haiti,..,..,..,82,63.62,18.67,133.33,92,0.68,0.2,1.39,..,..,..,..,1.55,0.27,0.3,0.34,1.79,0,5.76,-5.7,0,97,4.7,0.62,..,..,..,178.51,..,9.47,3,..,0,2.78,0,..,..,123,49,71,13.35,0.96,0.3,0.89,28.26,..,0,..,-1.7,-1.76,6,15.3,-1.56,1.4,1.87,10.23,..,..,0,7.97,0,1.37,0.15,70.44,..,..,6,27.56,0.45,135.63,0.18,..,..
93,HMD,Heard Island and McDonald Islands,..,..,..,..,0,..,..,..,..,..,..,..,..,..,..,..,..,..,..,..,..,..,..,0,..,..,..,..,..,..,..,..,..,..,..,..,..,0,..,..,..,..,..,..,..,..,..,..,..,..,..,..,..,..,..,..,..,..,..,..,..,..,..,..,..,..,..,..,..,..,..,..,..,..,..,..
94,VAT,Holy See,..,..,..,..,..,..,..,..,..,..,..,..,..,..,..,..,..,..,..,..,..,..,..,0,0,..,..,..,..,..,..,..,..,..,..,0,..,0,..,..,..,..,..,..,..,..,..,..,..,..,..,..,..,..,..,..,..,..,..,..,..,0,..,0,..,..,..,..,..,1,..,0,..,..,..,..
95,HND,Honduras,29.5,..,320,66,87.27,1.18,5.78,45.69,0.65,15,1.44,..,..,..,..,18.71,5.55,0.14,0.15,1.31,0.03,0.81,-1,0,109,4.1,1.54,..,..,0.32,1418.54,2.5,0,3,..,0.69,2.97,0,..,..,42,20,90,145.74,1,20.8,1.03,21.74,..,0.74,0.88,-0.78,-0.79,3,26.38,-0.73,7.4,5.38,22.38,..,..,0.11,8.11,0,1.76,0.29,100,14.73,..,9,77.56,0.43,284.26,0.74,..,19.42
96,HKG,Hong Kong,..,..,..,0,..,..,..,16,..,0.37,62.44,8.84,178.67,..,..,..,..,..,..,..,189,468.47,..,0,38,0.93,..,..,..,..,..,..,..,..,..,0,4.61,0,0.25,0.93,..,0,..,..,1.98,..,2.41,52.17,..,0,..,1.52,-0.79,..,42.04,1.44,..,4.41,0,0.08,-0.15,1.49,11.7,4,2.86,0.79,100,24.62,..,1,..,0,53.67,4.86,..,16.72
97,HUN,Hungary,45.85,9,40.7,5,100,3.9,10.84,0,0.44,0.12,11.13,5.5,711.71,0.12,..,11.61,0.6,2.19,5.31,1.87,1.52,31.1,0.4,4.93,-25,1.27,3.26,38,3413032,1.28,700.39,1.1,0,..,..,10.25,4.4,6,0.13,0,9,0,99,0.04,0.13,8.9,1.54,2.17,59.67,0.59,0.89,0.6,0.9,1.5,41.18,0.78,10,7.33,0.26,..,-0.31,4.68,9.58,4,2.76,0.63,96,40.01,1439.68,8,22.44,0.75,271.77,8.3,400.48,29.52
98,ISL,Iceland,29,2,29.15,..,0,0,63.64,..,0.11,86.88,0.41,..,..,..,..,301.37,82.19,8.76,3.85,2.8,1.32,63.08,2.2,0,22,1.99,..,..,13408,0.08,30285.71,0.9,0.24,7,..,0,5.68,7,0.8,0,4,1,100,0,0.07,4.7,1.9,21.74,42.67,7.04,130.28,2.19,2,1,55,1.98,..,15.61,70.73,..,..,0.36,12.86,0,3.7,0.82,92,48.66,6639.29,5,..,0.64,67.69,7.69,27,19.62
99,IND,India,29.68,27.55,277.45,81,93.7,7.78,27.22,28.21,0.73,3.82,4.63,6.43,2240.7,0.2,1.83,1.94,0.39,0.52,1.15,3.19,2,4.08,0.1,0,50,3.06,0.76,14.5,..,0.88,1073.24,0.3,80.37,6,..,0,3.65,1,..,..,90,21,86,2.81,0.79,5.2,1.08,15.22,33.33,0.02,0.01,-0.25,0.07,2.5,34.13,-0.13,9.8,4.73,5.23,..,..,0.22,10.49,4,2.06,0.32,100,10.49,..,18,42.95,0.82,621.43,1.05,340,13.03
100,IDN,Indonesia,..,..,271,63,69.59,7.45,32.17,9.71,1,39.95,1.33,3.31,167.13,0.57,5.37,11.5,2.08,0.81,0.36,1.65,0.75,5.01,-1.2,8.15,41,2.57,0.98,30,17131,0.34,1231.02,0.1,1.02,4,9.82,0.09,3.54,0,..,..,43,6,78,1.01,0.68,12.5,0.44,15.22,..,0,0.04,-1.16,-0.8,3.5,34.58,-0.56,-0.2,6.18,3.87,0,-0.01,0.36,10.24,3,2.08,0.34,100,14.58,..,12,49.36,0.7,351.54,1.28,132,18.66
101,IRN,Iran,..,209,248,2,7.6,4.02,15.71,21.05,0.47,18.4,1.8,..,..,..,..,1.49,0.73,0.12,0.49,0.98,0.04,0.94,0,0,43,2.5,1.85,..,167812,1.16,925.22,0.3,87.3,4,12.86,0,..,0,..,..,41,5,93,2.2,0.74,6.5,0.11,21.74,..,0.06,0.03,-0.38,-0.58,6,..,-0.46,0.4,12.68,1.38,..,..,0.22,..,0,..,0.43,86,9.91,..,12,7.69,0.81,802.44,4.67,..,31.98
102,IRQ,Iraq,..,..,..,2,0.27,6.4,13.58,16.67,0.43,9.51,2.08,..,..,..,..,3.34,0.05,0.31,0.58,2.88,0,2.36,0,0,124,5.01,..,..,..,0.28,576.35,0.1,86.21,7,..,0,..,0,..,..,125,27,81,0,0.47,0,0.03,43.48,..,0,..,-1.43,-1.7,7,..,-1.64,-9,..,0.51,..,..,0,..,0,..,..,100,13.57,..,11,..,0,..,3.29,..,..
103,IRL,Ireland,70,6.69,24.75,0,0,0.7,24,0,0.28,0.1,8.23,10.9,457.1,0.08,..,13.72,2.66,1.9,1.99,1.48,1.14,25.48,3,54.16,16,1.98,4.97,35,491669,0.99,4949.84,2,0,5,0,66.46,4.26,6,0.27,0.89,6,1,100,0.04,..,1.3,1.48,15.22,65,0.77,7.4,1.67,1.72,1,41.98,1.62,10,4.16,1.94,0.18,-0.63,0.75,11.8,4,3.48,0.69,100,47.53,2190.03,14,48,0.94,108.76,12.02,131,20.22
104,ISR,Israel,35.55,16.82,..,0,34.94,6.67,12.93,0,0.6,0.67,21.65,..,..,..,..,0.62,0.07,0.76,3.31,2.34,11.2,83.32,4.9,0,56,2.93,3.97,..,325439,15.63,2633.14,5.7,97.62,6,..,0,4.67,..,1.41,0,6,1,100,0.09,0.35,19.1,1.48,34.78,32,0.61,0.46,1.08,0.97,2,41.67,1.02,10.4,5.88,0.01,..,0,0.87,10.9,2,4.8,0.7,..,52.67,1563.29,6,..,0.92,154.62,10.45,..,16.38
105,ITA,Italy,72.01,1.33,104.5,0,72.65,2.14,15.56,16.67,0.51,0.53,17.76,9.77,505.52,0.14,..,2.14,0.74,4.63,2.56,5.1,1.71,144.98,0.3,17.94,-10,1.29,3.26,40,4279233,4.04,2057.02,1.16,32.1,5,..,0.7,4.81,5,0.08,0.38,6,1,94.1,0.24,0.31,11.2,1.72,13.04,15,0.38,7.44,0.8,0.82,1,46.02,0.91,10,4.76,7.17,0.29,-0.6,2.05,12.9,4,3.33,0.72,100,35.1,1127.85,20,8,0.94,96.74,8.01,758,27.09
106,JAM,Jamaica,..,..,..,47,75.76,10.62,20.83,80.95,0.67,0.13,17.2,..,..,..,..,3.49,1.47,2.8,8.95,2.98,0.12,17.81,-1.5,0,39,2.42,2.15,..,..,2.02,672.41,5.8,5.11,3,0,0,4.53,0,..,..,20,9,93,2.79,1.01,15.9,0.85,21.74,..,1.53,1.91,-0.46,-0.38,2.5,32.88,-0.07,9,13.66,1.46,..,..,0.1,11.16,0,2.1,0.53,99,16.44,..,8,45.51,0.58,548.6,4.18,..,18.39
107,JPN,Japan,55,19,40,0,49.7,14,19.68,36.36,0.64,1,21.96,9.8,163.43,0.06,2.3,2.62,0.21,5.59,2.26,5.1,9.62,197.11,..,10.99,-21,1.28,3.91,78,2652000,4.06,3046.12,..,13.87,7,0,0.81,4.93,6,0.67,0,5,1,100,0.57,1.3,14,1.49,10.87,74.67,0.15,0.87,1.2,1.41,1.5,51.21,1.07,10,6.07,4.87,..,1.55,4.03,14.24,4,5.49,0.75,..,47.7,5320.77,19,100,0.85,56.88,9.54,142,18.12
108,JOR,Jordan,..,..,..,10,10.76,5.67,12.68,0,0.47,46.61,1.65,10.5,1245.83,..,4.5,0.37,0.09,3.49,2.71,1.42,0,16.23,0,0,80,3.67,1.39,0,17390,10.43,942.62,1.4,81.2,5,0.57,0,4.9,0,..,..,33,6,91,0.26,0.95,10.9,0.85,15.22,57,2.13,0.77,0,0.33,5.5,41.21,0.36,-2,9.78,0.22,..,..,0.73,11.18,0,2.44,0.45,100,28.62,1948.37,8,95.51,0.83,540.61,3.09,..,21.87
109,KAZ,Kazakhstan,..,0.04,0.5,51,40.92,3.79,9.55,9.09,0.44,55.55,0.39,..,..,..,..,9.54,0.41,0.29,0.58,0.46,1.19,2.2,2.2,0,-1,2.03,3.75,..,..,..,23.4,0.3,57.14,..,1.12,0,..,0,3.35,22.4,76,22,86,0.03,0.13,2.9,0.57,26.09,32.33,0.27,..,-1.05,-0.9,5.5,..,-0.8,-5,22.63,4.21,..,..,0.05,..,0,..,0.41,100,30.92,715.8,4,51.28,0.5,1436.89,7.76,236.99,..
110,KEN,Kenya,..,..,69,85,2.17,2.83,13.93,5.26,0.64,45.95,0.31,..,..,..,..,2.65,0.09,0.22,0.16,2.32,0.01,1.81,-0.5,0,54,5,1.08,1,..,0.75,314.44,0.3,1.09,6,..,0,3.8,0,..,..,122,37,62,0.66,0.86,12.3,1.15,21.74,..,0.29,0.35,-1.05,-1.04,4,27.79,-0.85,-1.2,4.62,26.11,..,..,0.03,10.22,0,1.68,0.19,100,3,..,15,61.54,0.75,258.31,0.31,..,27.2
111,KIR,Kiribati,..,..,..,..,0,..,..,..,..,4.4,0,..,..,..,..,..,..,0,..,..,0,..,0,0,133,4.3,..,..,..,..,..,..,..,3,..,0,..,0,..,..,69,..,64,..,0.19,0,..,..,..,0,..,-0.44,0.33,1,..,0.06,..,..,0,..,..,0,..,0,..,..,..,..,..,0,66.03,0.43,115.65,0.31,..,..
112,KWT,Kuwait,..,..,..,0,0,35,4.76,..,0.22,0.05,10.47,..,..,..,..,-0.01,0,1.05,7.12,7.08,0,43.08,3.5,0,182,4.04,8.01,0,24534.4,-495.79,804.62,4.6,100,3,34,0,..,0,2.1,..,10,4,..,0.06,0.18,0,0.33,36.96,48.67,1.29,0.43,1.06,0.81,4.5,..,0.16,-7,23.89,0,..,..,0.08,..,0,..,0.51,95,21.08,212.08,8,..,0.6,474.16,21.33,..,..
113,KGZ,Kyrgyzstan,..,..,..,96,55.57,..,8.43,0,0.41,18.23,1.08,..,..,..,..,6.14,2.69,0.08,0.27,0.77,0.13,1.23,2.6,0,62,2.59,1.1,0,6779859.35,0.73,50,1.8,93.62,..,4.18,0,..,0,15.91,..,61,7,76,0.02,0.06,3.6,0.64,30.43,40.33,0.2,..,-0.84,-0.83,5.5,..,-0.81,-3,26.83,46.68,..,..,0,..,0,..,0.32,100,41.1,581.27,2,11.54,0.42,580.11,0.94,..,19.66
114,LAO,Laos,..,..,..,95,84.77,4.11,18.02,6.15,0.62,6.92,0.25,6.96,20.88,0.12,4.4,74.99,6.55,0.07,0.11,1.03,0,..,-0.4,29.22,98,4.88,1.09,..,..,..,140.06,0.1,0,..,0,0,..,0,..,..,100,22,43,1.35,0.79,18.8,0.59,32.61,..,0.18,..,-1.25,-1.05,6.5,..,-0.8,-7,3.98,87.48,..,..,0,..,0,..,0.15,100,3.32,..,1,76.92,0.38,47.5,0.08,0.82,..
115,LVA,Latvia,22.99,6.33,63.8,4,100,1.38,6.02,0,0.42,0.55,3.61,8.58,685.59,0.04,..,13.11,0.95,0.61,0.3,1.79,..,11.53,0.4,1.95,-24,1.3,4.4,0,92800,0.76,347.89,0.2,0.3,5,0,57.68,4.63,0,0.4,0.84,21,6,..,0,..,15.1,1.15,26.09,49.33,0.43,2.14,0.09,0.46,1.5,42.34,0.67,..,8.43,16.16,..,..,0.93,11.04,0,3.52,0.54,90,63.11,1078.24,5,26.92,0.65,264.29,3.32,13.37,26.7
116,LBN,Lebanon,..,..,..,9,100,4.55,10.53,0,0.57,0,18.08,..,..,..,..,0.88,0.71,5.25,8.07,35.09,0.51,139.11,-0.4,0,53,3.2,2.37,6,50000,4.23,3210.77,5.6,84.91,4,..,0,..,0,..,..,32,3,100,0,1.02,0.7,1.07,34.78,..,1.35,1.35,-0.34,-0.27,5.5,..,-0.41,..,11.09,1.09,..,..,0.26,..,0,..,0.48,96,42.31,..,8,64.1,0.56,332.42,4.36,..,21.3
117,LSO,Lesotho,..,..,..,85,20.28,12.07,18.18,0,0.42,0.54,0.28,..,..,..,..,..,..,0.16,..,0.59,0,..,0,0,23,4.4,..,..,..,..,343.67,..,..,..,0,0,..,0,..,..,87,25,76,..,0.83,0.2,0.82,32.61,..,0,..,-0.28,0.48,2.5,..,-0.26,5,1.39,50.22,..,..,0,..,0,..,0.19,100,2.58,..,3,52.56,0.6,..,..,..,..
118,LBR,Liberia,..,..,..,83,100,2.96,8.29,7.27,0.56,8.13,0.06,..,..,..,..,75.03,17.21,0.27,0.11,1.65,0,0.37,-2,0,182,6.8,0.85,0,..,..,0,..,0,3,..,0,..,0,..,..,235,42,62,0.19,..,15.8,..,58.7,..,0,..,-0.98,-1.42,6,..,-1.51,0,..,0,..,..,0,..,0,..,..,49,7.07,..,9,9.62,0.48,182.17,0.14,..,..
119,LBY,Libya,..,..,..,3,0.77,1.1,10.53,0,0.24,92.46,0.27,..,..,..,..,1.43,0.09,6.34,3.22,18.9,0,11.74,1.4,0,92,3.57,3.21,20,..,..,308.54,..,83.69,3,..,0,..,0,..,..,19,0,72,0,0.33,0.1,0.16,43.48,..,0.18,0.37,-0.82,-0.91,7,..,-0.87,-7,..,0,..,..,0,..,0,..,0.42,..,48.79,..,10,1.92,0.54,445.46,10.92,..,..
120,LIE,Liechtenstein,..,..,..,..,30.5,..,..,0,..,0,33.14,..,..,..,..,..,..,1.84,0.11,2.37,..,..,1.2,0,18,1.47,..,..,..,..,..,..,..,..,..,100,..,0,..,..,11,..,..,..,1,37.4,1.46,..,..,60.98,..,1.29,0.23,1,..,1.63,..,..,..,..,..,17.6,..,0,..,..,..,..,..,0,..,0.65,..,..,..,..
121,LTU,Lithuania,22,6,31.9,8,100,1.98,8.82,0,0.42,0,5.79,3.86,607,0.08,..,8.24,0.35,0.18,1.69,1.42,0.05,21.37,0.2,0,-9,1.27,3.87,..,111385,1.19,552.9,0.2,0.28,5,0,40.29,4.42,0,0.03,0,10.4,0,..,0,..,9.1,1.13,23.91,59.33,0.58,4.04,0.25,0.48,1.5,40.96,0.61,10,11.89,7.89,..,..,2.01,10.79,0,3.14,0.56,98.9,35,2303.2,4,51.92,0.73,360.14,4.4,48.77,..
122,LUX,Luxembourg,..,..,..,..,100,..,..,0,..,0,27.34,10.49,466.5,0.41,..,..,..,6.49,1.15,4.96,1.65,125.72,-0.2,0,56,1.63,5.11,..,101353,..,..,..,..,..,..,0,5.72,7,0.96,0,5,..,100,..,0.68,17,1.25,39.13,..,4.5,155.41,2,0.46,1,54.21,2.13,..,5.91,1.07,..,..,1.18,12.48,0,2.68,0.75,100,9.27,..,16,12,1,90.4,12.42,3,17.82
123,MAC,Macao,..,..,..,..,100,..,..,0,..,..,..,..,..,..,..,..,..,..,..,..,0,3838.5,..,0,24,0.84,..,..,..,..,..,..,..,..,..,0,..,0,..,..,..,..,..,..,2,0,1.2,69.57,..,0,..,..,0.11,..,..,0.82,..,2.59,0,..,..,0.23,..,0,..,0.64,92,52.11,..,0,..,0,66.8,3.64,..,7.07
124,MKD,Macedonia,..,24.23,..,12,100,1.43,14.1,0,0.55,3.44,6.63,8.83,..,0.02,..,2.87,..,0.15,0.9,1.3,2.89,13.89,0,97.48,3,1.73,2.69,..,15000,4.16,535.34,0.8,0,..,..,0,3.35,0,3.48,3.33,26,10,..,0,0.34,7.9,1.39,43.48,..,0,..,-0.73,-0.41,3,26.16,-0.39,7.3,7.89,10.33,..,..,0.08,9.27,0,2.12,0.48,98,24.45,..,1,..,0.49,593.02,5.53,136.53,19.99
125,MDG,Madagascar,..,..,..,99,45.35,13.37,35.46,24.77,0.81,20.45,0.04,..,..,..,..,20.17,3.14,0.11,0.04,0.71,0,0.15,-0.9,0,274,5.77,0.97,..,..,..,22.97,..,0.43,4,..,0,3.74,0,..,..,135,36,45,4.65,0.99,3.1,1.77,23.91,17.33,0.06,0.3,0.14,-0.19,3.5,28.59,-0.38,6.9,2.21,19.2,..,..,0,9.47,0,1.55,0.15,100,2.16,15.03,8,75.64,0.79,162.3,0.14,..,10.09
126,MWI,Malawi,..,..,..,99,10.56,2.11,4.1,6.58,0.63,24.28,0.33,..,..,..,..,6.57,0.12,0.16,0.05,1.46,0.01,0.43,-2.4,0,296,6.6,0.64,..,640550,0.2,103.44,0.3,0,..,..,0,4.33,0,..,..,182,33,67,2.36,0.08,16.3,1.08,34.78,..,0.19,0.37,-0.91,-0.34,4,33.61,-0.68,6.1,3.4,48.12,..,..,0.48,11.74,0,1.49,0.15,100,..,..,10,74.36,0.63,120.85,0.07,..,22.11
127,MYS,Malaysia,..,20.49,91.58,29,83.27,7.28,16.67,22.61,0.81,29.48,2.94,..,..,..,..,20.24,2.5,0.21,1.6,1.87,0.32,1.83,-1.2,0,83,3.29,2.99,10,420198,0.38,6281.76,1.5,3.05,5,..,0.4,4.62,0,2.39,2.45,8,0,95,0.84,0.72,30.6,0.57,23.91,32.33,0.25,0.37,0.38,0.58,5,44.01,0.92,2.2,9.94,2.92,0.03,0,1.66,12.84,4,2.66,0.57,93,28.16,159.93,11,100,0.77,352.28,6.28,40.1,21.32
128,MDV,Maldives,..,..,..,..,100,..,..,..,..,..,..,..,..,..,..,..,..,..,..,..,..,..,0,0,69,3.72,..,..,..,..,..,..,..,5,..,0,..,0,..,..,77,..,84,..,..,0,..,..,..,0,..,0.04,-0.22,5.5,..,0.78,..,..,0,..,..,0,..,0,..,0.43,91,..,..,0,96.79,0.51,228.39,1.71,..,20.32
129,MLI,Mali,..,..,..,100,58.24,1.01,9.49,0,0.38,64.55,0.04,8.47,120.77,0.15,..,7.02,1.49,..,..,..,0,0.11,-0.7,0,243,7,1.16,0,..,..,90.13,0.1,11.87,..,..,0,3.33,0,..,..,222,21,48,0.18,0,3.7,1.13,32.61,..,0.62,0.18,-0.32,-0.54,2.5,26.58,-0.84,5.4,1.19,38.28,..,..,0,10.37,0,1.42,0.09,54,1.91,..,13,85.26,0.75,51.13,0.05,..,..
130,MLT,Malta,..,..,..,..,100,..,..,0,..,0,0,..,..,..,..,..,..,..,..,..,24.8,861.17,..,0,-9,1.46,..,..,..,..,777.78,11,..,3,0,0,3.68,0,0.32,0,5,..,100,..,1,19,1.43,41.3,..,5.04,..,0.8,-1.62,1,28.51,1.16,..,5.01,0,..,..,0.57,9.9,0,2.31,0.67,100,25.07,..,3,10.9,0.7,189.62,7.24,25.6,..
131,MHL,Marshall Islands,..,..,..,..,0,..,..,..,..,12.9,0,..,..,..,..,..,..,..,..,..,..,..,..,0,81,4.69,..,..,..,..,..,..,..,1,..,0,..,0,..,..,66,..,85,..,..,..,..,..,..,0,..,-0.02,-0.41,1,..,-0.41,..,..,..,..,..,0,..,0,..,..,100,..,..,1,70.51,0.46,..,..,..,..
132,MTQ,Martinique,..,..,..,..,0,..,..,50,..,0,54.9,..,..,..,..,..,..,..,..,..,0,101.62,0,0,5,2,..,..,..,..,..,..,..,4,..,0,..,0,..,..,..,..,..,..,0.22,3.9,..,..,..,..,..,0.84,0.89,..,..,0.82,..,..,0,..,..,0,..,0,..,..,..,..,..,0,..,0,..,..,..,..
133,MRT,Mauritania,..,..,..,69,36.07,0.73,16.39,0,0.34,93.84,0.02,..,..,..,..,8.25,0.1,0.2,0.18,1.02,0,0.74,-2.7,0,152,5.9,2.36,1,..,..,40.98,..,5.15,3,..,0,..,0,..,..,183,10,56,57.86,0,0.2,1.03,..,..,0.72,0.36,0.23,-0.33,5,..,-0.16,-6,7.74,1,..,..,0,..,0,..,0.14,100,3.66,..,8,66.67,0.52,642.69,1.16,..,..
134,MUS,Mauritius,..,..,..,75,0,..,..,..,..,1.41,32.86,..,..,..,..,..,..,7.58,16.11,8.79,0.73,138.74,-0.6,0,22,1.94,3.25,..,..,..,6350.7,22.21,..,3,..,0,3.86,0,4.61,2.02,17.3,5,100,..,0.96,3.4,1.11,36.96,..,1.65,..,0.53,-0.34,1.5,39.34,0.53,10,4.11,7.8,..,..,0.38,11.17,0,1.9,0.5,100,16.4,..,8,94.87,0.75,160,2.44,..,18.87
135,MYT,Mayotte,..,..,..,..,100,..,..,..,..,..,..,..,..,..,..,..,..,..,..,..,..,..,..,0,219,..,..,..,..,..,..,..,..,2,..,0,..,0,..,..,..,..,..,..,..,..,..,..,..,0,..,..,..,..,..,..,..,..,..,..,..,0,..,0,..,..,..,..,..,0,..,0,..,..,..,..
136,MEX,Mexico,56.02,46.6,52.55,22,23.1,5.18,14.66,54.42,0.93,24.17,2.5,6.1,1239.63,0.1,5.17,4.62,1.31,0.78,0.9,0.61,0.2,12.18,-1.1,0.68,41,2.8,2.59,13,2074288,0.7,753.91,..,44.64,5,1.41,1.16,4.06,3,15.91,0.02,29,5,91,2.34,0.69,5,1.02,13.04,10.33,0.12,0.02,-0.19,-0.22,2,37.56,0.15,6.4,6.94,5.47,0,-0.15,0.45,10.31,4,2.25,0.5,100,20.71,224.73,15,68.59,0.85,310.61,4.29,..,31.09
137,FSM,Micronesia,..,..,..,..,9.51,..,..,..,..,2.95,0,..,..,..,..,..,..,2.96,0.78,1.61,..,..,-4.5,0,46,4.44,..,..,291,..,..,..,..,..,..,0,..,0,..,..,24,..,94,..,0.89,0,..,..,..,0,..,-0.44,-0.27,1.5,..,-0.29,..,..,..,..,..,0,..,0,..,..,..,14.86,..,1,55.77,0.5,..,..,..,..
138,MDA,Moldova,0.01,0,1.08,14,100,2.82,8.82,0,0.45,0,6.03,..,..,..,..,5.77,0.1,1.7,3.11,1.88,0.1,7.7,0.2,0,-28,1.21,1.13,..,11879,1.37,28.02,1.1,8.02,..,..,0,..,0,0.94,8.6,32,12,92,0.62,..,1.4,0.74,23.91,50.33,0.47,..,-0.89,-0.49,3.5,..,-0.63,8.2,24.88,1.98,..,..,0,..,0,..,0.37,92,27.91,329.49,3,41.67,0.58,1159.35,1.54,12,15.94
139,MCO,Monaco,..,..,..,..,100,..,..,0,..,0,100,..,..,..,..,..,..,67.83,10.6,87.97,..,..,..,0,27,0,..,..,348.98,..,..,..,..,1,..,0,..,0,..,..,5,..,..,..,..,0,..,..,..,62.5,..,..,-0.49,1.5,..,0,..,..,..,..,..,4.04,..,0,..,..,..,..,..,3,..,0.36,..,2.1,..,..
140,MNG,Mongolia,..,..,..,67,38.72,3.76,10.53,0,0.36,91.93,0.01,..,..,..,..,28.26,2.42,0.31,0.43,0.58,4.67,..,-0.5,0,72,2.66,5.68,0,4450000,0.12,26.69,..,2.86,..,..,0,..,0,..,..,71,38,62,0,0.03,14,0.62,..,..,0.41,8.98,-0.14,0.36,2,..,-0.18,10.7,18.95,0,..,..,0,..,0,..,0.35,100,32.68,..,4,94.23,0.64,1992.23,3,0.69,..
141,MSR,Montserrat,..,..,..,..,0,..,..,50,..,0,0,..,..,..,..,..,..,..,..,..,0,..,0,0,-20,..,..,..,..,..,..,..,..,1,..,0,..,0,..,..,12,..,100,..,1,..,..,..,..,..,..,..,..,..,..,..,..,..,0,..,..,0,..,0,..,..,..,..,..,0,5.13,0,..,12.22,..,..
142,MAR,Morocco,..,..,..,11,59.8,4.29,15.24,16.67,0.46,17.9,2.04,6.34,1620.58,0.46,5.31,0.68,0.33,0.41,0.8,0.52,0.28,4.41,..,0,47,2.47,0.92,0,987000,4.94,411.66,1,82.26,6,..,0,3.88,1,..,..,43,7,80,1.4,0.54,1.2,1.43,19.57,..,0.2,0.17,-0.04,0.11,5,30.73,0.07,-5.5,3.86,1.85,..,..,0.1,9.94,3,1.95,0.33,100,10.3,..,15,69.23,0.75,253.75,1.26,..,22.17
143,MOZ,Mozambique,..,..,..,87,0.04,3.21,8.38,4.48,0.52,31.55,0.12,..,..,..,..,18.2,0.89,0.13,0.13,0.93,0,0.23,-0.2,0,63,5.5,0.56,0,..,0.04,62.25,..,12.23,3,..,0,3.68,0,..,..,205,53,42,361.13,0.66,5.7,0.75,23.91,..,0.11,0.11,-1.01,-0.65,3.5,25.27,-0.41,5.8,4.93,87.52,..,..,0.05,9.09,0,1.46,0.12,100,0.57,..,6,67.31,0.55,95.24,0.07,..,..
144,MMR,Myanmar,..,..,..,100,88.82,4.04,15.54,0,0.63,16.8,0.62,..,..,..,..,22.21,3.11,0.19,0.09,1.07,0.02,0.46,-1.4,0.77,29,3.08,0.76,14,..,0,164.36,..,0,5,..,0,..,0,..,..,108,7,80,0.2,0.9,5.4,0.59,36.96,..,0,..,-1.37,-1.62,7,..,-1.29,-7,..,..,..,..,0.03,..,0,..,0.17,100,11.53,..,4,10.26,0.39,33.5,0.19,2.36,..
145,NAM,Namibia,..,..,..,83,9.96,2.35,5.6,2.08,0.55,91.1,0.04,..,..,..,..,54.75,1.1,1.84,0.87,9.4,0,..,-0.9,0,35,4.2,2.52,4.5,..,0.08,3.68,0.1,17.15,4,..,1.03,4.46,0,..,..,67,7,80,0,0.34,5.6,0.74,36.96,..,1.01,2.52,0.21,0.45,2.5,37.35,0.18,6,3.77,23.64,..,..,0.32,11.26,0,1.82,0.39,98,5.94,..,5,97.44,0.68,119.58,0.96,..,31.6
146,NRU,Nauru,..,..,..,..,..,..,..,..,..,0,0,..,..,..,..,..,..,..,..,..,0,..,..,0,92,4.4,..,..,..,..,..,..,..,3,..,0,..,0,..,..,30,..,..,..,1,0,..,..,..,..,..,..,1.91,1.5,..,0,..,..,0,..,..,0,..,0,..,..,..,..,..,0,37.82,0.43,..,11.14,..,..
147,NPL,Nepal,..,..,..,97,75.66,4.09,16.02,6.52,0.64,7.16,1.08,..,..,..,..,6.63,0.81,0.93,0.05,2.07,0.08,1.81,-1.8,0,105,4.1,0.57,15.9,575,0.2,226.71,..,97.47,..,0,0,..,0,..,..,87,17,84,10.92,0.99,18.1,1.08,23.91,..,0.5,0.17,-0.3,-0.5,4,..,-0.51,3.4,1.72,30.71,..,..,0.03,..,0,..,0.19,50.7,4.62,..,4,91.67,0.57,166.61,0.14,18.8,..
148,NLD,Netherlands,58,5.15,38.65,0,100,2.09,18.18,0,0.41,0,28.3,9.78,623.12,0.27,3.26,5.98,0.28,10.15,2.19,6.77,11.72,166.94,0.3,43.81,8,1.78,3.81,78,2835620,1.34,4519.34,8,43.19,5,0,29.5,5.56,7,0.07,0.03,5,1,100,0,..,26.2,1.84,2.17,48.67,1.98,6.19,2.15,1.83,1,56.96,2.14,10,7.9,1.19,0.79,1.54,2.47,13.09,4,4.04,0.79,97,55.01,2572.22,22,84,0.95,76.17,11.25,88.93,23.13
149,ANT,Netherlands Antilles,..,..,..,..,53.9,..,..,0,..,4.32,0,..,..,..,..,..,..,..,..,..,0,..,0,0,11,2.11,..,..,..,..,..,..,..,1,..,0,..,0,..,..,..,..,..,..,0.18,0,..,69.57,..,0,..,..,..,..,..,..,..,..,0,..,..,0,..,0,..,..,93,14.84,..,1,..,0,..,46.16,..,..
150,NCL,New Caledonia,..,..,..,..,0,..,..,..,..,1.54,0.44,..,..,..,..,..,..,..,..,..,0.21,4.54,0,0,60,2.6,..,..,..,..,1285.71,..,..,1,..,0,..,0,..,..,..,..,..,..,0.98,7.1,..,67.39,..,0,..,..,..,..,..,..,..,..,12.84,..,..,0,..,0,..,..,..,..,..,0,..,0,122.72,..,..,..
151,NZL,New Zealand,22.5,15,25,0,67.34,42,80,100,0.52,48.04,1.93,10.72,111.54,0.05,..,79.88,..,3.3,0.97,3.3,0.52,40.56,0.5,0,26,1.96,8.13,65,479000,0.16,5927.8,1,0.44,5,..,7.93,5.08,1,0.1,0.26,5.28,1,..,0.22,0.36,24.4,0.9,13.04,8,1.78,9.39,2.28,1.91,1,53.36,1.97,10,9.72,34.59,0,0.04,1.17,11.6,4,4.02,0.72,..,69.24,2197.19,8,68,0.82,126.63,8.5,..,31.16
152,NIC,Nicaragua,32,..,..,73,70.28,1.04,3,14.71,0.64,18.62,1.19,..,..,..,..,32.07,10.49,0.37,0.05,0.41,0,1.92,-3,0,93,3.75,1.57,..,..,..,117.39,2.4,0.69,3,0,0.51,3.02,0,37.72,0.04,41,29,81,3739.6,1.08,21.8,0.89,21.74,38.67,1.31,0.94,-0.44,-0.63,3,24.08,-0.87,8.6,4.44,12.26,..,..,0,7.92,0,1.72,0.19,100,..,72.67,10,90.38,0.71,400.16,0.74,..,23.56
153,NER,Niger,..,..,..,98,46.9,1,8.4,0,0.41,77.06,0.02,..,..,..,..,8.15,0.2,0.16,0.09,1.01,0.01,0.23,-3.7,0,327,8,1.15,..,23782,..,11.1,..,1.21,..,..,0,..,0,..,..,264,34,46,0.47,0.33,8.2,1.26,34.78,..,0.18,..,-1.1,-0.78,4,..,-0.79,1.2,1.78,0,..,..,0.11,..,0,..,0.04,48,1.47,..,0,71.79,0.76,149.3,0.11,..,14.56
154,NGA,Nigeria,..,..,..,67,95.28,1.32,9.85,12.62,0.55,0.81,0.57,..,..,..,..,2.95,0.63,0.24,0.19,3.8,0,0.07,-2.6,0,124,5.7,1.1,..,589,0.25,77.54,..,0,6,0,0,3.05,0,..,..,201,8,60,0.12,0.28,6,0.33,21.74,..,0.03,0.04,-1.35,-1.35,4.5,25.61,-1.12,-0.7,7.8,7.46,..,..,0.09,10.64,0,1.66,0.15,100,..,..,18,34.62,0.48,305.31,0.32,..,18.23
155,NIU,Niue,..,..,..,..,0,..,..,..,..,0,0,..,..,..,..,..,..,97.38,8281.06,131.09,0,..,0,0,22,3.04,..,..,..,..,..,..,..,2,..,0,..,0,..,..,..,..,100,..,..,..,..,..,..,..,..,..,..,..,..,..,..,..,0,..,..,0,..,0,..,..,100,..,..,0,91.03,0.32,..,1.82,..,..
156,NFK,Norfolk Island,..,..,..,..,0,..,..,..,..,..,..,..,..,..,..,..,..,..,..,..,..,..,..,0,..,..,..,..,..,..,..,..,..,..,..,0,..,0,..,..,..,..,..,..,..,..,..,..,..,..,..,..,..,..,..,..,..,..,..,..,..,0,..,0,..,..,..,..,..,0,..,0,..,..,..,..
157,PRK,North Korea,..,..,..,68,23.09,16.52,..,7.69,0.37,0.09,0.8,..,..,..,..,2.78,0.57,1.18,7.64,1.91,18.94,..,0,2.43,10,2.04,4.07,..,..,..,1148,..,3.51,6,0,0,..,0,..,..,55,34,100,580.78,0.58,2.6,0.9,56.52,..,0.04,..,-1.18,-1,7,..,-1.78,-9,..,22.42,..,..,0,..,0,..,..,..,..,..,2,17.95,0.36,4859.02,8.49,61.7,..
158,MNP,Northern Mariana Islands,..,..,..,..,100,..,..,..,..,2.16,39.66,..,..,..,..,..,..,..,..,..,..,..,0,0,103,..,..,..,..,..,..,..,..,1,..,0,..,0,..,..,..,..,98,..,1,2.2,..,..,..,0,..,..,..,..,..,..,..,..,..,..,..,0,..,0,..,..,..,..,..,0,..,0,..,..,..,..
159,NOR,Norway,38,4,24.2,0,2.91,0.82,18.52,0,0.3,41,3.02,..,..,0.01,..,60.77,20.92,1.94,0.23,3.16,0.54,20.33,0.4,15.96,22,1.8,8.17,85,630000,0.21,2170.46,0.6,0.66,7,0,100,5.15,7,0.59,0,4,1,100,0.01,..,6.2,2.02,10.87,12.67,1.32,62.36,2,1.96,1,55.84,1.84,10,11.38,63.68,0.66,0.96,2.11,12.79,4,4.23,0.79,100,70.01,4376.69,15,76,1,77.14,9.26,24.75,27.33
160,PSE,Occupied Palestinian Territory,..,..,..,..,81.65,..,..,..,..,..,..,..,..,..,..,..,..,..,..,..,..,..,..,..,211,5.72,..,..,..,..,..,..,..,..,..,0,..,0,..,..,25,..,94,..,..,..,..,..,..,0,..,..,..,..,..,..,..,..,..,..,..,..,..,0,..,0.38,100,..,..,3,..,0,..,..,..,..
161,OMN,Oman,..,..,..,0,0,9.35,19.64,0,0.36,76.24,0.73,..,..,..,..,1.35,0.36,0.09,0.11,1.45,0,8.47,5.3,0,93,4.1,..,..,242098,2.01,1576.58,1.2,49.91,3,..,0,..,0,..,..,13,..,79,0,0.01,9.6,0.51,32.61,..,0.39,0.39,1.03,0.83,5.5,..,0.69,-7.9,10.11,0,..,..,0.18,..,0,..,0.43,74,8.49,..,16,14.1,0.37,378.21,7.58,..,33.85
162,PNG,P. N. Guinea,..,..,..,97,37.76,4.9,26.13,4.22,0.78,46.17,0.08,..,..,..,..,151.7,..,0.01,0.04,0.08,0,0.38,-0.4,0,90,4.14,1.25,..,..,..,561.9,0.1,0,2,..,0,..,0,..,..,94,27,39,2.4,0.3,1.6,0.87,34.78,..,0.19,..,-0.9,-0.82,2.5,..,-0.78,10,3.56,20.96,..,..,0,..,0,..,0.26,83,2.33,..,6,54.49,0.55,135.94,0.46,..,26.88
163,PAK,Pakistan,..,..,..,76,74.91,4.53,11.26,0,0.5,12.26,2.88,6.77,492.46,0.67,5.54,1.01,0.35,0.25,0.3,1.53,0.12,2.31,-1.5,0,85,4.77,0.67,12,1627143,0.82,1360.44,0.5,76.37,5,..,0,3.64,0,..,..,104,19,90,2.28,0.92,9.2,0.85,19.57,..,0.16,0.01,-0.73,-0.7,5.5,28.5,-0.5,1.3,6.17,10.15,..,..,0.09,8.99,0,1.54,0.24,79,..,..,9,33.33,0.67,401.62,0.74,42,7.03
164,PLW,Palau,..,..,..,..,100,..,..,0,..,4.29,4.02,..,..,..,..,..,..,..,..,..,..,..,0,0,24,1.6,..,..,126183,..,..,..,..,2,..,0,..,0,..,..,29,..,84,..,..,..,..,..,..,0,..,..,..,1.5,..,..,..,..,..,..,..,0,..,0,..,..,100,30.93,..,1,98.08,0.5,629,12.59,..,..
165,PAN,Panama,42,..,..,37,33.93,2.19,7.8,27.51,0.79,16.91,3.64,..,..,..,..,28.89,6.62,0.28,0.03,0.1,0.03,5.17,-1.6,0,58,2.7,1.89,0,..,0.15,532.85,4.7,0,5,0,0.38,3.81,0,..,..,25,26,91,0.32,0.22,19.5,0.84,23.91,25,4.08,..,-0.24,0,1.5,30.82,-0.14,9.9,10.78,12.1,..,..,0.06,9.37,0,2.64,0.47,100,34.9,95.27,12,55.13,0.9,173.9,2.15,..,..
166,PRY,Paraguay,..,..,..,64,55.81,4.68,3.28,1.28,0.61,56.45,0.47,..,..,..,..,110.27,6.81,50.7,0,0.01,0,..,-0.5,0,101,3.84,2.29,4,..,0.01,221.19,3.4,0,..,..,0.01,3.7,0,31.35,0.04,30,13,83,0.85,0.6,4.1,0.92,17.39,33.67,1.09,..,-1.22,-1.12,3.5,23.27,-1.29,5.9,14.67,124.46,..,..,0,7.2,0,1.65,0.39,100,16.55,166.03,8,60.9,0.87,106.91,0.67,..,19.15
167,PER,Peru,..,..,..,40,2.95,4.93,10,19.6,0.84,56.76,0.45,..,..,..,..,65.42,11,0.38,0.25,0.54,0.05,2.47,-0.4,0,55,2.8,1.26,7,..,0.03,812.7,1.2,20.09,7,7,0,4.06,0,12.66,0.01,39,11,81,4.56,0.54,16.7,1.21,23.91,15.67,0.3,0.64,-0.2,-0.44,2.5,28.25,-0.47,3.78,4.03,31.97,..,..,0.23,8.92,4,2.3,0.44,100,..,228.83,11,87.18,0.81,133.16,1.14,..,20.01
168,PHL,Philippines,..,33,200,85,92.51,34.18,31.65,48.98,0.79,0.85,2.73,7.42,136.7,..,3.81,3.94,2.15,1.17,1.56,1.05,0.66,14.61,-1.4,0,76,3.54,1.11,0,..,0.75,1382.95,..,15.2,6,0,0.26,3.49,0,49.15,26.84,37,22,85,15.58,1.63,7.8,0.57,13.04,..,0.04,0.35,-0.52,-0.5,2.5,28.66,-0.06,8,3.35,24.3,0,..,0.5,9.49,4,2.41,0.43,100,31.21,..,11,96.15,0.83,235.39,1.02,72.3,23.11
169,PCN,Pitcairn,..,..,..,..,0,..,..,..,..,100,0,..,..,..,..,..,..,..,..,..,..,..,..,0,..,..,..,..,..,..,..,..,..,1,..,0,..,0,..,..,..,..,..,..,..,..,..,..,..,..,..,..,..,..,..,..,..,..,..,..,..,0,..,0,..,..,..,..,..,0,..,0,..,..,..,..
170,POL,Poland,28.72,20.56,40.85,7,100,1.76,16.67,0,0.37,0.03,9.22,10.12,969.12,0.24,3.33,1.75,0.33,2.69,4.85,1.92,6.89,40.35,0.2,53.45,-15,1.25,3.4,17.2,1029350,5.76,1114.21,0.78,0.98,6,0,68.45,4.07,2,0.12,0.01,7.5,0,..,0.08,0.18,23.5,1.36,15.22,47.33,0.23,1.81,0.39,0.65,1.5,38.51,0.61,9.8,7.77,0.9,..,-0.34,1.06,10.28,4,3.2,0.59,98,55.54,1473.02,11,23.72,0.82,578.54,8.22,1564,33.32
171,PRT,Portugal,49.69,6.77,38.57,0,80.53,3.38,26.98,0,0.51,0.63,10.12,13.76,52.1,..,..,5.05,0.38,4.47,3.84,5.62,1.29,79.22,1.7,3.24,-11,1.44,5.34,40,258464,2.41,1145.73,5.5,63.22,6,0,0,4.48,6,0.14,1.02,6,1,..,0.34,0.43,5.1,1.59,15.22,52.33,0.39,2.65,1.33,1.3,1,43.3,1.03,10,5.5,9.14,0,-0.55,1.33,10.07,4,2.98,0.65,..,50.2,1754.19,17,64,0.89,125.68,6.47,286,28.65
172,PRI,Puerto Rico,..,..,..,..,97.59,..,..,72.22,..,0.07,60.86,..,..,..,..,..,..,..,..,..,0.43,229.72,-0.2,0,-2,1.82,..,..,..,..,..,..,..,2,0,0,..,0,0.06,2.79,..,..,..,..,0.99,3.4,..,67.39,..,0,..,1.19,1.3,..,..,1.17,..,4.74,0.46,..,..,0.05,..,0,..,..,..,..,..,0,..,0,45.74,..,..,..
173,QAT,Qatar,..,..,..,0,0,..,..,..,0.19,33.66,7.88,..,..,..,..,..,..,..,..,..,0,76.09,9.6,0,67,4,..,..,..,..,500,3.2,..,2,..,0,..,0,..,1.5,16,..,100,..,..,1.1,..,52.17,..,0,1.64,0.92,-0.78,6,..,0.69,-10,..,0,..,..,0.12,..,0,..,0.55,100,24.62,..,4,..,0.37,..,70.06,..,..
174,REU,RÃ©union,..,..,..,..,0,..,..,..,..,0.76,13.49,..,..,..,..,..,..,..,..,..,0,97.26,-0.8,0,37,2.5,..,..,..,..,..,..,..,4,..,0,..,0,..,..,..,..,..,..,0.97,9.6,..,..,..,..,..,..,..,..,..,..,..,..,12.7,..,..,0,..,0,..,..,..,..,..,1,..,0,..,..,..,..
175,ROU,Romania,16.63,6.58,82,9,100,3.24,20.24,0,0.42,0.12,4.72,0,..,..,..,9.2,0.38,2.06,5.14,1.76,1.21,15.91,0.2,19.27,-27,1.23,2.46,..,792168,1.6,348.3,0.8,1.92,4,..,0.49,3.35,0,1.21,0,21,0,57,0.41,0.36,2.5,1.05,..,42.67,0.13,0.54,-0.34,-0.12,2,29.09,-0.33,8.1,11.12,9.88,..,..,0.66,9.69,0,2.3,0.48,100,27.32,879.25,9,..,0.65,718.19,4.96,912,23.84
176,RUS,Russia,109.16,3,20.84,1,17.59,6.05,16.73,0,0.45,72.38,0.91,9.5,39.14,0.01,2.86,24.65,5.47,0.67,2.08,1.23,1.56,7.84,..,0.33,-17,1.39,4.28,13.9,12800000,0.41,129.4,0.2,2.91,4,..,0.25,3.24,0,1.6,18.77,21,4,96,0.06,0.09,7.6,0.57,15.22,33,0.07,0.2,-0.9,-0.78,5,31.35,-0.4,5.9,21.93,6.74,..,-1.29,0.04,9.04,0,3.36,0.5,..,64.09,3494.15,16,17.31,0.75,913.98,10.32,1904.26,15.47
177,RWA,Rwanda,..,..,..,100,53.51,1.75,5.3,21.62,0.73,1.85,0.43,..,..,..,..,1.88,0.43,0.32,0.49,5.13,0,1.11,-3.9,0,104,5.8,0.78,0,..,..,3,0.1,0,..,..,0,..,0,..,..,203,41,73,0.34,0.97,7.7,1.38,30.43,..,0,0.12,-0.58,-1.01,6,..,-0.82,-4.4,1.25,12.15,..,..,0,..,0,..,0.15,100,1.67,..,6,32.05,0.57,75.71,0.07,..,15.26
178,SHN,Saint Helena,..,..,..,..,0,..,..,..,..,0,0,..,..,..,..,..,..,..,..,..,0,..,0,0,..,..,..,..,..,..,..,..,..,2,..,0,..,0,..,..,..,..,..,..,..,6.5,..,..,..,..,..,..,..,..,..,..,..,..,0,..,..,0,..,0,..,..,..,..,..,0,..,0,..,2.18,..,..
179,KNA,Saint Kitts and Nevis,..,..,..,..,0,..,..,50,..,0.51,49.49,..,..,..,..,..,..,..,..,4.3,0,41.93,-0.6,0,32,2.14,..,..,..,..,2428.57,..,..,2,..,0,..,0,..,..,24,..,99,..,2,0.1,..,..,..,0,..,0.4,0.88,1.5,..,-0.06,..,2.43,0,..,..,0,..,0,..,0.6,100,..,..,2,24.36,0.48,..,2.43,..,..
180,LCA,Saint Lucia,..,..,..,..,0,..,..,0,..,0.32,21.04,..,..,..,..,..,..,2.28,0.98,6.45,0,39.21,-4.9,0,43,2.2,..,..,340,..,13250,10.3,..,4,..,0,..,0,..,..,19,..,98,..,..,14.7,..,..,..,6.25,..,0.4,1.55,1.5,..,-0.06,..,5.65,0,..,..,1.18,..,0,..,0.52,100,25.4,..,3,30.13,0.58,150.57,2.31,..,..
181,SPM,Saint Pierre and Miquelon,..,..,..,..,..,..,..,..,..,10.98,4.07,..,..,..,..,..,..,..,..,..,0,..,..,0,..,..,..,..,..,..,..,..,..,2,..,0,..,0,..,..,..,..,..,..,0.91,0,..,..,..,..,..,..,..,..,..,..,..,..,0,..,..,0,..,0,..,..,..,..,..,0,..,0,..,..,..,..
182,VCT,Saint Vincent and the Grenadines,..,..,..,..,0,..,..,33.33,..,0,16.22,..,..,..,..,..,..,57.41,0.64,117.02,0,30.69,-1.4,0,-21,2.11,..,..,..,..,5571.43,..,..,4,..,0,..,0,..,..,25,..,..,..,..,10.2,..,..,..,0,..,0.4,-0.32,1.5,..,-0.06,..,4.09,9.18,..,..,0,..,0,..,0.46,99,..,..,2,25,0.48,150.47,1.43,..,..
183,WSM,Samoa,..,..,..,..,0,..,..,..,..,6.58,0,..,..,..,..,..,..,..,..,..,0,..,-2.1,0,34,4.4,..,..,..,..,816.67,0.1,..,4,..,0,..,0,..,..,25,..,88,..,..,..,..,..,..,0,..,-0.06,..,2,..,..,..,2.6,24.7,..,..,0,..,0,..,0.37,100,10.94,..,2,73.72,0.55,155.53,0.81,..,..
184,SMR,San Marino,..,..,..,..,100,..,..,0,..,72.73,0,..,..,..,..,..,..,..,..,..,..,..,..,0,17,1.19,..,..,..,..,..,..,..,..,..,0,..,0,..,..,6,..,..,..,..,0,..,..,..,0,..,..,-0.33,1,..,0,..,..,..,..,..,0,..,0,..,..,..,..,..,1,..,0.21,..,..,..,..
185,STP,Sao Tome and Principe,..,..,..,..,0,..,..,50,..,0.44,1.59,..,..,..,..,..,..,..,..,..,0,..,0,0,112,4.25,..,..,..,..,..,..,..,2,..,0,..,0,..,..,118,..,79,..,..,0,1.48,..,..,0,..,-0.25,1.09,1.5,..,-0.64,..,..,..,..,..,0,..,0,..,0.23,100,..,..,0,35.26,0.43,475.58,0.59,..,..
186,SAU,Saudi Arabia,..,..,..,0,0,9.68,11.69,0,0.28,49.29,0.58,..,..,..,..,0.35,0.09,0.2,0.56,4.1,0,4.61,0,0,120,4.81,4.05,..,230000,3.87,1066,0.7,90.73,3,..,0,..,0,..,..,28,3,..,0,0,41.8,0.39,39.13,..,0.14,0.18,0.57,0.44,7,..,-0.05,-10,17.6,0,..,..,0.03,..,0,..,0.44,67,22.44,..,4,13.46,0.4,631.76,16.91,..,32.2
187,SEN,Senegal,..,..,..,79,100,1.04,6.25,0,0.51,7.47,0.58,..,729.63,..,..,3.34,0.7,0.05,0.15,1.2,0,0.86,-0.7,0,126,5.12,1.23,0,..,0.24,162.2,0.1,17.73,6,..,0,3.79,0,..,..,138,24,72,0,..,11,1.23,19.57,28.33,0.6,0.3,-0.17,-0.2,2.5,31.37,-0.18,2.7,3.84,0,..,..,0.13,10.21,0,1.7,0.14,86,..,1.82,11,80.77,0.75,196.73,0.45,..,14.81
188,SCG,Serbia & Montenegro,..,..,..,14,100,2.23,12.5,4.17,..,0.08,7.44,..,..,..,..,17.93,..,..,..,..,2.99,..,-0.1,0,-4,1.71,..,0.7,..,0.54,..,0.8,20.29,..,..,0,3.24,0,..,..,19,9,93,0.38,0.16,3.7,1.21,..,..,0.25,2.45,-0.8,-0.95,2.5,28.87,-0.73,-1.5,..,..,..,..,..,9.49,0,2.13,0.45,100,26.16,..,5,..,0.35,837.5,3.96,394.1,25.69
189,SYC,Seychelles,..,..,..,..,0,..,..,54.55,..,36.39,14.02,..,..,..,..,..,..,..,..,..,..,43.96,0,0,11,2.01,..,..,..,..,200,2.7,..,2,..,0,..,0,..,..,16,..,87,..,..,7.5,..,..,..,35.71,..,0.52,-0.67,3,..,0,..,..,0,..,..,..,..,0,..,0.54,100,..,..,4,79.49,0.44,89.71,2.88,..,..
190,SLE,Sierra Leone,..,..,..,92,100,2.15,8.16,3.64,0.65,0.02,0.19,..,..,..,..,27.94,9.67,0.48,..,1.39,0,0.47,-2.9,0,100,6.5,0.88,..,..,0.03,6,..,0,4,..,0,..,0,..,..,284,50,57,0.14,0.38,4.5,0.84,..,..,0.19,..,-0.82,-1.25,4,..,-1.54,0,4.79,0,..,..,0,..,0,..,0.1,79,2.18,..,8,5.77,0.5,200.21,0.13,..,..
191,SGP,Singapore,30,20,..,0,100,5.93,3.53,0,..,0,89.42,..,..,..,..,..,..,..,..,..,0,960.7,0,0,6,1.26,..,0,203872,..,23530,..,..,5,..,0,5.8,0,1.36,1.58,4,..,..,..,1,5.5,1.39,32.61,64.33,0.96,0.24,2.3,-0.46,4.5,56.61,2.26,-2,15.59,0,..,-0.01,4.72,15.09,4,4.04,0.75,..,..,4052.29,5,..,0.42,141.74,14.71,..,..
192,SVK,Slovakia,37.44,13.4,49.21,5,100,1.91,10.59,0,0.59,0.33,9.44,9.99,..,0.19,3.18,14.41,0.32,2.08,2.08,1.8,3.3,29.36,0.9,27.23,-13,1.21,3.27,40,1660000,0.75,865.46,2.49,0,..,..,2.01,4.58,2,0.09,0,9,5,100,0.49,0.31,22.5,1.21,17.39,48.33,0.93,5.58,0.28,0.4,1.5,46.05,0.4,9,11.54,6.27,..,..,1.06,10.85,4,2.58,0.59,94,30.32,1773.69,7,39.74,0.71,419.3,7.8,128.57,30.21
193,SVN,Slovenia,32.47,8.71,36.04,0,81.47,0.48,12,10,0.56,2.41,7.35,10.57,..,0.09,..,14.98,6.76,3.23,3.59,1.87,2.69,47.65,0.2,40.11,-15,1.2,3.52,8,66779,1.29,4188.84,7.4,0,7,0,0,4.67,1,0.57,0.44,5,0,..,0,0,7.4,1.25,30.43,42.67,0.51,1.53,0.89,1.09,1,45.91,0.82,10,7.87,11.46,..,..,5.63,11.19,0,3.51,0.72,100,60.55,2258.03,5,80,0.69,171.74,8.2,96,31.55
194,SLB,Solomon Islands,..,..,..,..,0,14.11,37.74,10.53,0.6,19.9,0,..,..,..,..,..,..,..,..,..,0,..,-0.2,0,112,4.84,..,..,..,..,..,..,..,4,0,1.55,..,0,..,..,24,..,70,..,0.3,0.1,..,..,..,0,..,-0.86,0,3,..,-1.34,..,3.48,0,..,..,0,..,0,..,0.17,..,..,..,0,62.18,0.35,166.46,0.38,..,..
195,SOM,Somalia,..,..,..,..,0.33,2.37,11.11,0,0.53,36.71,0.02,..,..,..,..,3.83,0.4,0.05,..,0.5,0,0.06,-1,0,207,7.11,1.05,..,..,..,4.78,..,21.05,2,..,0,..,0,..,..,225,71,29,19.52,1.36,0.3,0.57,58.7,..,0,..,-1.19,0.4,6.5,..,-1.97,0,..,0,..,..,0,..,0,..,..,..,..,..,7,12.82,0.21,..,..,..,..
196,ZAF,South Africa,44.03,22.37,..,28,29.83,4.7,14.12,18.42,0.71,55.56,1.85,..,..,..,..,1.48,0.1,0.64,2.35,1.62,9.87,18.65,-0.1,0,-11,2.76,3.52,0,..,4.03,500.92,1.7,68.44,5,..,18.17,4.24,1,..,14.64,65,..,87,1.38,0.48,6.2,0.7,17.39,..,0.37,0.44,0.36,0.19,1.5,42.02,0.52,9.9,9.42,0.52,0.16,..,0.58,11.63,4,2.27,0.45,94,15.24,..,12,44.23,0.76,518.89,7.44,..,24.85
197,SGS,South Georgia and the South Sandwich Islands,..,..,..,..,0,..,..,..,..,..,..,..,..,..,..,..,..,..,..,..,..,..,..,0,..,..,..,..,..,..,..,..,..,..,..,..,..,0,..,..,..,..,..,..,..,..,..,..,..,..,..,..,..,..,..,..,..,..,..,..,..,..,..,..,..,..,..,..,..,..,..,..,..,..,..,..
198,KOR,South Korea,53.41,23.84,66.05,0,94.04,22.32,26.53,6.67,0.42,0.04,14.6,11.01,145.29,0.13,2.21,1.25,..,8.6,11.58,1.54,16.23,112.42,-0.1,58.9,-8,1.17,2.43,67,2820293,5.38,4225.83,12.8,9.34,6,..,0,..,7,1.2,0.72,5,0,92,2.86,1.45,3.6,1.79,8.7,65.33,0.1,3.61,0.33,0.88,2,43.08,0.84,8,9.86,0.43,0.03,0.94,1.85,12.43,3,4.69,0.82,100,77.62,2879.77,17,4,0.75,187.84,9.12,43.8,19.6
199,ESP,Spain,67.3,7.82,33.51,0,84.31,2.52,29.27,11.43,0.49,2.78,11.27,8.34,1086.96,0.23,..,2.27,0.7,3.36,3.57,5.93,1.54,53.31,0.6,3.65,-3,1.26,4.9,54,3222853,4.21,1676.93,2,87.82,6,..,2.2,4.45,7,0.48,0,6,1,..,0.21,0.42,9.2,1.36,13.04,64,0.88,8.77,1.46,1.15,1,44.11,1.53,10,6.33,5.92,0.7,0.15,5.54,11.38,4,3.46,0.67,..,59.36,1947.64,19,24,0.85,109.51,7.52,1394,31.62
200,LKA,Sri Lanka,..,..,..,89,100,5.6,25,46.81,0.66,0.22,4.25,..,..,..,..,1.86,0.4,0.91,0.68,2.1,0,8.69,-1.6,0,10,1.97,0.88,0,40617,2.59,2616.54,0.9,32.93,6,..,0.84,3.83,0,..,0,19,25,78,1.62,0.74,26.5,0.89,17.39,42,0.58,1.27,-0.14,0.23,3.5,29.98,0.03,6.2,2.67,17.14,..,..,0.19,10.07,0,1.76,0.38,100,..,190.54,9,62.82,0.61,166.83,0.55,8.15,16.78
201,SDN,Sudan,..,..,..,100,52.42,0.88,8.24,0,0.54,44.24,0.11,..,..,..,..,6.44,0.18,0.18,0.11,1.7,0,0.07,-1.4,0,115,5.35,1.2,..,..,..,48.67,..,31.13,4,..,0,..,0,..,..,94,25,69,294.62,0.34,4.9,0.49,26.09,..,0.03,0.03,-1.09,-1.36,7,..,-1.11,-5.9,2.37,8.7,..,..,0.02,..,0,..,0.13,48,6.85,..,13,3.21,0.5,147.6,0.17,..,49.76
202,SUR,Suriname,..,..,..,69,0,0.17,6.67,2,0.62,88.77,0.19,..,..,..,..,..,..,..,..,..,0,10.58,0,0,-19,2.54,..,..,..,..,982.46,2.6,..,2,..,0,..,0,..,..,40,11,92,..,..,12.7,0.92,..,..,0,..,0.19,1.92,1.5,..,-0.16,..,..,39.33,..,..,0,..,0,..,0.46,100,7.02,..,5,42.31,0.35,773.54,4.99,..,..
203,SJM,Svalbard and Jan Mayen Islands,..,..,..,..,0,..,..,..,..,100,0,..,..,..,..,..,..,..,..,..,..,..,..,0,..,..,..,..,..,..,..,..,..,..,..,0,..,0,..,..,..,..,..,..,..,..,..,..,..,..,..,..,..,..,..,..,..,..,..,..,..,0,..,0,..,..,..,..,..,0,..,0,..,..,..,..
204,SWZ,Swaziland,..,..,..,88,0,..,..,0,0.61,0,2.83,..,..,..,..,..,..,1.15,0.11,4.59,0.4,9.09,1.2,0,..,4.5,..,..,..,..,393.26,..,..,..,..,3.26,..,0,..,..,149,12,52,..,1.14,3.5,0.77,45.65,..,2.76,..,-0.26,-0.93,5.5,..,-0.44,-9,2.96,13.1,..,..,0,..,0,..,..,96,5.15,..,5,65.38,0.38,64.82,0.37,..,18.59
205,SWE,Sweden,18.2,3,54.67,0,29.03,0.8,10,0,0.3,43.62,3.77,9.73,152.97,0.11,..,15.77,2.22,1.16,0.27,1.96,0.4,20.81,..,34.37,18,1.73,7.95,86,801300,0.75,1065.33,0.7,1.73,4,..,37.11,5.56,4,0.08,0,3,1,100,0,..,7.2,1.74,6.52,12,0.9,32.38,2.25,1.92,1,59.56,1.84,10,9.09,32.4,0.43,1.28,9.94,13.76,4,5.52,0.85,99,70.04,5186.04,18,88,1,43.94,6.24,56.77,25.93
206,CHE,Switzerland,38.57,6.25,27.77,0,42.75,1.04,6.67,4.76,0.5,3.41,11.47,10.99,285.95,0.07,4.06,5.55,0.34,2.56,0.48,4.01,0.16,104.08,0.4,36.9,-3,1.37,5.26,91,1087091,3.16,2219.18,3.6,0,..,..,25.28,5.49,8,..,..,6,1,100,0.01,0.83,28.8,1.46,10.87,19.33,1.23,11.39,2.17,2.03,1,59.14,2.26,10,5.5,29.1,0.85,1.59,5.28,13.64,4,4.65,0.76,95,42.14,3591.85,16,56,1,31.71,6.25,21.08,23.18
207,SYR,Syria,..,..,..,19,27.59,3.92,6.35,0,0.47,0.21,3.1,..,..,..,..,2.5,0.23,0.21,0.71,1.97,0,2.85,0,0,95,3.8,1.74,21,53010,0.42,599.98,0.6,99.58,6,1.12,0,..,0,..,..,28,4,79,0,0.49,1.9,0.87,26.09,49.67,0.06,0.12,-0.29,-0.41,7,..,-0.57,-7.4,13.21,12.45,..,..,0.55,..,0,..,0.28,100,..,29.44,9,48.08,0.67,1152.24,3.27,..,22.77
208,TWN,Taiwan,35.67,10.45,104.21,..,0,4.2,17.14,27.27,..,0.1,29.18,6.1,2244,0.18,5.25,1.74,..,14.77,6.29,25.68,26.95,161.78,..,0,-3,1.22,4.67,14.6,673903,38.58,15256.8,47.33,6.8,..,..,0,4.91,0,..,..,4.97,..,100,..,1.97,8.3,1,..,54.67,0,..,0.81,0.95,2,48.58,1,9.3,11.28,1.55,0.15,0.1,..,13.6,3,5.92,0.79,100,68,1258.44,5,..,0,212,2.59,..,..
209,TJK,Tajikistan,..,..,..,100,48.93,..,10.71,0,0.46,32.83,2.08,..,..,..,..,11.03,0.91,0.16,2.61,0.79,0.02,1.46,0.5,0,52,3.06,0.65,..,..,..,130.11,0.8,94.82,..,10.87,0,..,0,85.9,88.69,72,71,58,0,0.38,18.3,0.59,43.48,..,0.16,..,-1.07,-1.27,5.5,..,-1.23,-2.4,35.43,65.31,..,..,0,..,0,..,0.21,100,14.04,..,1,28.85,0.29,878.6,0.65,134,..
210,TZA,Tanzania,..,..,..,96,1.75,3.99,12.97,25.48,0.67,14.35,0.14,..,..,..,..,6.71,0.83,0.19,0.1,1.57,0,0.16,-0.2,0,105,5.3,0.89,..,..,0.18,56.25,0.1,0.03,6,..,0,3.97,0,..,..,165,43,73,0.77,0.14,39.6,1.1,23.91,..,0.09,0.37,-1,-0.49,3.5,33.65,-0.51,-0.1,3.25,37.23,..,..,0.05,11.61,0,1.63,0.15,100,0.61,..,13,85.9,0.75,181.85,0.12,..,26.89
211,THA,Thailand,23,11,223,72,97.52,6.01,13.96,2.34,0.67,0.87,4.06,..,..,..,..,8.59,0.66,0.56,1.07,4.93,0.68,13.5,-0.7,0.27,15,1.7,1.41,0,..,0.71,1144.67,1.1,0.64,7,..,0.01,4.04,1,..,..,28,19,85,1.91,0.94,15.7,0.59,17.39,22,0.05,0.34,-0.15,0.3,2.5,38.59,0.28,9,6.75,2.5,0.23,-0.07,1.7,11.81,4,2.76,0.48,91,35.27,73.81,11,98.72,0.79,315.73,3.26,..,..
212,TLS,Timor-Leste,..,..,..,..,..,..,..,0,..,1.93,0.52,..,..,..,..,..,..,..,..,..,..,..,-0.6,0,75,4.1,..,..,..,..,..,..,..,..,..,0,..,0,..,..,126,..,52,..,0.08,..,..,..,..,0,..,..,0.27,3,..,-0.78,6,..,..,..,..,0,..,0,..,..,..,..,..,0,0.64,0.07,..,..,..,..
213,TGO,Togo,..,..,..,96,100,0,4.59,14.29,0.69,0,0.59,..,..,..,..,3.8,1.03,0.3,0.07,0.56,0,0.94,-3.4,0,74,5.5,0.86,0,..,..,76.49,0.1,0,6,..,0,..,0,..,..,141,25,51,0.04,0.06,11.3,0.92,32.61,..,0,0.42,-0.68,-0.67,5.5,..,-1.17,-2,2.37,0.17,..,..,0,..,0,..,0.18,100,3.72,..,11,8.33,0.81,335.49,0.39,..,18.66
214,TKL,Tokelau,..,..,..,..,..,..,..,..,..,..,..,..,..,..,..,..,..,..,..,..,..,..,..,0,..,..,..,..,..,..,..,..,..,1,..,0,..,0,..,..,..,..,..,..,..,..,..,..,..,..,..,..,..,..,..,..,..,..,..,..,..,0,..,0,..,..,..,..,..,0,..,0,..,..,..,..
215,TON,Tonga,..,..,..,..,0,..,..,..,..,4.35,0,..,..,..,..,..,..,..,..,..,0,31.91,0,0,20,3.4,..,..,..,..,0,..,..,2,..,0,..,0,..,..,20,..,100,..,0.69,..,..,..,..,0,..,-0.44,0,4,..,-0.64,..,2.77,0,..,..,0,..,0,..,..,100,3.8,..,1,83.33,0.3,190.37,1.2,..,..
216,TTO,Trinidad & Tobago,..,..,..,0,4.97,0.38,1,27.27,0.69,0.56,32.06,..,..,..,..,1.91,..,7.33,20.99,17.43,0,56.11,-0.8,0,-7,1.63,1.73,..,243856,4.9,1448.67,7.3,99.85,3,..,0,4.55,0,2.93,2.77,20,12,91,0.19,0,4.7,0.66,23.91,35,0,0.77,-0.04,0.34,3,28.63,0.47,10.6,38.67,0.08,..,..,0.57,9.76,0,1.86,0.53,98,6.48,455.82,8,39.1,0.69,1059.18,20.47,..,32.05
217,TUN,Tunisia,..,..,..,29,41.05,2.89,14.1,0,0.41,33.98,3.57,..,..,..,..,0.66,0.14,0.67,0.71,1.01,0.03,7.62,0.2,0,22,2,1.51,5,71067,7.78,391.85,0.2,92.04,4,..,0,..,1,..,..,26,0,82,1.13,..,1.5,0.48,26.09,55.67,0.61,0.1,0.35,0.27,5.5,47.33,0.65,-4.1,4.84,0.33,..,..,0.27,12.85,0,2.38,0.41,99,21.71,336.41,15,92.31,0.79,212.55,1.93,..,24.54
218,TUR,Turkey,9.45,64.47,11.35,11,97.8,3.64,14.66,23.81,0.57,0.72,3.94,7.43,2247.46,0.29,2.1,2.85,0.97,0.33,2.99,1.26,0.94,8.02,0.2,0.02,37,2.46,2.2,40,1166000,0.97,700.97,1,64.36,6,..,0,4,1,..,..,41,3,93,0.36,0.21,2.6,1.67,10.87,59,0.07,0.72,-0.38,0,3.5,32.08,-0.2,6.4,6.59,11.03,..,..,0.3,9.19,4,2.01,0.48,85.33,23.61,305.52,8,78.85,0.76,294.29,3.25,2112,29.35
219,TKM,Turkmenistan,..,..,..,50,16.22,..,12.62,0,0.45,43.69,0.63,..,..,..,..,10.04,0.06,0.26,0.07,0.15,0,..,0,0,53,2.89,2.6,..,..,..,668.57,6.4,93.87,..,34.06,0,..,0,104.52,291.49,98,7,71,0,0.12,4.2,0.03,47.83,..,0.21,..,-1.21,-1.16,7,..,-1.47,-9,24.07,0.01,..,..,..,..,0,..,0.37,..,..,..,0,21.15,0.39,3121.72,7.45,..,..
220,TCA,Turks and Caicos Islands,..,..,..,..,0,..,..,..,..,0,0,..,..,..,..,..,..,..,..,..,0,..,..,0,110,3.18,..,..,..,..,..,..,..,2,..,0,..,0,..,..,27,..,100,..,0.84,5.3,..,..,..,..,..,..,..,..,..,..,..,..,0,..,..,0,..,0,..,..,100,..,..,0,78.21,0,..,..,..,..
221,TUV,Tuvalu,..,..,..,..,0,..,..,..,..,96.67,0,..,..,..,..,..,..,0,..,..,..,..,..,0,122,3.79,..,..,..,..,..,..,..,1,..,0,..,0,..,..,..,..,93,..,..,..,..,..,..,..,..,..,-0.84,1,..,0,..,..,..,..,..,0,..,0,..,..,88,..,..,0,32.69,0.38,..,..,..,..
222,UGA,Uganda,..,..,..,97,50.31,1.57,5.92,9.84,0.66,17.56,0.4,..,..,..,..,3.88,1.11,0.26,0.16,2.46,0,0.72,-2,4.27,217,6.9,1.29,2.5,38,..,11.37,..,0,..,0,0.84,3.59,0,..,..,141,19,56,0.65,0.65,26.4,1.36,28.26,43.33,0.28,0.2,-0.92,-0.84,5,30.96,-0.41,-4,1.01,48.81,..,..,0.09,10.62,0,1.67,0.17,61.71,2.98,23.56,10,82.69,0.73,52.8,0.06,..,20.68
223,UKR,Ukraine,0.04,0.06,0.15,11,100,3.04,14.81,0,0.42,0.36,6.64,..,..,..,..,1.93,0.42,0.36,2.06,2.04,2.97,9.03,0.3,0,-19,1.17,3.53,..,2544559,5.03,145.56,1.9,16.88,5,..,2.12,3.36,0,0.8,7.86,20,4,98,0.06,0.05,3.3,0.77,23.91,48.33,0.06,0.18,-0.96,-0.79,4,32.52,-0.74,7.7,26.19,1.58,..,..,0.02,8.82,0,2.79,0.43,100,43.3,2117.69,7,4.49,0.63,2147.48,6.23,1029,20.19
224,ARE,United Arab Em.,0,0.01,126.47,0,0,11.94,16,0,0.39,0.46,5.02,..,..,..,..,0.38,0.03,4.99,1.52,10.55,0,8.64,2.8,0,35,2.54,8.97,..,228691,..,3640,0.13,92.72,5,..,0,..,0,..,..,9.78,0,98,0,0.39,7.38,0.48,47.83,..,0.93,0.62,1.19,0.95,5.5,..,0.83,-8,32.28,0,..,..,1.71,..,0,..,0.64,90.67,18.1,..,6,..,0.42,300.48,20.91,..,..
225,GBR,United Kingdom,54.87,4.64,19.49,0,18.72,0.87,24,0,0.32,0.13,21.71,10.38,368.07,0.09,2.26,3.21,0.16,6.39,4.04,4.81,6.24,112.89,0.6,45.75,10,1.71,4.72,41,5568350,3.04,3377.57,5.8,20.87,4,0,43.29,5.18,6,0.82,1.27,7,1,..,0.01,0.77,10.5,1.93,6.52,49.33,0.89,7.18,1.97,1.81,1,52.95,2.03,10,5.86,1.24,0.8,1.34,1.88,13.17,4,4.11,0.77,..,59.53,2666.49,22,52,1,118.39,9.47,1125.33,32.59
226,USA,United States,60.57,15.43,27.5,0,37.96,8.62,9.03,19.39,0.68,45.32,6.24,11.32,663.27,0.13,..,8.43,4.43,7.13,4.68,5.19,5.91,65.42,0.2,13.74,43,2.02,9.57,42,36312000,0.88,1119.47,2.3,30.66,6,..,2.33,5.02,3,0.03,0.01,8,1,100,0.95,0.56,15.8,0.66,8.7,32.67,0.25,0.3,1.77,1.7,1,51.17,1.7,10,8.99,3.72,0.22,0.45,0.34,12.61,4,6.44,0.78,100,72.62,4099.39,21,40,0.71,170.72,20.12,..,28.46
227,UMI,United States Minor Outlying Islands,..,..,..,..,..,..,..,..,..,..,..,..,..,..,..,..,..,..,..,..,..,..,..,0,..,..,..,..,..,..,..,..,..,..,..,..,..,0,..,..,..,..,..,..,..,..,..,..,..,..,..,..,..,..,..,..,..,..,..,..,..,..,..,..,..,..,..,..,..,..,..,..,..,..,..,..
228,VIR,United States Virgin Islands,..,..,..,..,0,..,..,40,..,0,79.87,..,..,..,..,..,..,..,..,..,16.59,..,0,0,-6,2.29,..,..,..,..,1500,..,..,3,..,0,..,0,..,..,..,..,..,..,1,0.2,..,69.57,..,0,..,..,..,..,..,..,..,..,0,..,..,0,..,0,..,..,..,..,..,0,..,0,..,..,..,..
229,URY,Uruguay,..,..,..,0,100,4.64,7.41,9.3,0.49,2.03,1.68,..,..,..,..,265.04,6.77,0.22,0.19,0.26,0,4.07,5,0,24,2.21,3.32,0,..,0.02,919.89,3.3,0,4,..,5.81,4.65,0,2.87,0,15,3,98,0,0.14,0.4,0.75,23.91,45.33,1.19,..,0.79,0.56,1,35.71,0.51,10,5.45,60.56,..,..,1.22,9.88,3,2.51,0.54,100,36.1,276.29,10,57.69,0.65,68.9,1.62,..,16.99
230,UZB,Uzbekistan,..,..,..,79,17.73,..,9.28,0,0.44,48.06,2.7,..,..,..,..,2.6,0.33,1.12,1.27,0.28,0.17,..,0.2,0,84,2.92,1.91,..,28471646,..,1545.82,..,86.67,..,44.36,0,..,0,9.2,142.34,68,26,89,0,0.04,4.6,0.62,30.43,..,0.04,..,-1.03,-1.16,6.5,..,-1.1,-9,47.74,2.91,..,..,0,..,0,..,0.31,100,..,..,3,33.97,0.58,2007.36,..,..,..
231,VUT,Vanuatu,..,..,..,..,0,..,..,..,0.39,12.38,0.37,..,..,..,..,..,..,0.01,..,..,0,0.61,0.1,0,124,4.8,..,..,..,..,..,1.1,..,3,..,0,..,0,..,..,42,..,60,..,1.18,1.4,..,..,..,0,..,-0.44,-0.95,1.5,..,-0.64,..,1.99,0,..,..,0,..,0,..,0.24,100,..,..,3,47.44,0.32,89.03,0.41,..,..
232,VEN,Venezuela,57,33,53,0,5.38,1.79,6.97,23.21,0.85,52.01,1.37,..,..,..,..,60.5,8.67,0.41,0.59,3.88,0,5.75,-0.4,0,59,2.83,2.42,..,..,0.07,1154.73,1.2,4.9,5,..,0.28,2.48,1,29.54,0.01,22,18,83,68.56,0.48,70.3,0.08,21.74,37.33,0.2,0.12,-0.94,-1.04,3.5,25.6,-1.14,6.4,20.39,20.53,0,-0.43,0.13,8.77,0,2.34,0.47,100,29.06,193.08,10,25.64,0.82,539.6,6.5,..,28.86
233,VNM,Viet Nam,..,..,..,98,96.14,6.92,19.72,11.11,0.68,0.12,1.74,5.3,559.87,0.12,4.63,8.7,0.59,0.56,0.26,2.21,0.44,0.21,0.5,32.17,41,2.1,0.76,15,10307447,..,3075.69,2.3,10.65,5,..,0,4.36,0,..,..,26,19,73,8.38,1.41,4.2,0.56,30.43,..,0.04,0.25,-0.68,-0.39,6.5,31.09,-0.27,-7,4.46,24.15,..,..,0.3,11.16,0,1.98,0.31,97,9.73,..,7,84.62,0.58,540.47,0.74,20.1,..
234,WLF,Wallis and Futuna Islands,..,..,..,..,0,..,..,..,..,10.26,0,..,..,..,..,..,..,..,..,..,..,..,..,0,..,..,..,..,..,..,..,..,..,1,..,0,..,0,..,..,..,..,..,..,..,..,..,..,..,..,..,..,..,..,..,..,..,..,..,..,..,0,..,0,..,..,..,..,..,0,..,0,..,..,..,..
235,ESH,Western Sahara,..,..,..,..,0.74,..,..,0,..,..,..,..,..,..,..,1.76,..,..,..,..,..,..,0,0,103,4.1,..,..,..,..,..,..,7.47,..,..,0,..,0,..,..,..,..,..,0,..,0,..,..,..,..,..,..,..,..,..,..,..,..,0,..,..,0,..,0,..,..,..,..,..,0,..,0,..,0.85,..,..
236,YEM,Yemen,..,..,..,66,0.87,8.39,9.09,16.67,0.39,49.09,0.17,..,..,..,..,30.36,0.07,..,..,..,0,3.22,-1.9,0,255,7,0.71,5,42500,0.02,111.19,0.8,64.31,3,..,0,..,0,..,..,114,33,69,3.65,0.55,..,0.34,28.26,..,0.11,0.11,-0.69,-1.23,5.5,..,-0.87,-2,8.79,0,..,..,0,..,0,..,0.18,79,10.77,..,5,57.05,0.42,407.46,0.47,..,..
237,ZMB,Zambia,..,..,..,87,0,1.82,4.72,1.19,0.54,22.87,0.21,..,..,..,..,17.15,4.3,0.41,2.1,2.55,0.01,0.01,-2.4,5.13,70,5.64,1.02,..,15810,0.08,69.2,0.3,0,..,0,0,4.25,0,..,..,182,50,55,0,0.34,41.4,1.18,19.57,..,0.59,0.39,-0.97,-0.52,4,35.32,-0.93,1.5,11.59,78.23,..,..,0.23,11.2,0,1.55,0.17,79,2.47,..,0,..,0.62,124.74,0.18,..,23.76
238,ZWE,Zimbabwe,..,..,..,67,15.86,1.88,4.07,9.38,0.59,2.51,0.68,..,..,0.01,..,7.31,0.39,0.21,0.33,1.19,0.32,3.15,-1.5,0,15,3.96,1.05,16,..,0.32,472.67,0.9,16.23,..,..,0.67,2.86,0,..,..,123,39,83,0.41,0.76,14.7,..,17.39,..,1.62,3,-1.17,-1.33,6,27.62,-0.8,-7,5.99,13.11,..,..,..,10.41,0,1.66,0.29,86,4.4,..,10,63.46,0.46,515.9,1.17,..,49.5
